ids,labels
0,20
1,48
2,48
3,48
4,40
5,48
6,48
7,48
8,53
9,48
10,48
11,48
12,48
13,91
14,20
15,20
16,48
17,48
18,48
19,48
20,48
21,48
22,48
23,48
24,48
25,48
26,48
27,48
28,48
29,48
30,48
31,48
32,48
33,48
34,48
35,20
36,48
37,48
38,48
39,48
40,48
41,48
42,61
43,48
44,48
45,48
46,48
47,48
48,48
49,48
50,58
51,48
52,20
53,48
54,48
55,48
56,91
57,48
58,48
59,48
60,58
61,62
62,48
63,48
64,48
65,48
66,48
67,48
68,48
69,48
70,48
71,48
72,53
73,48
74,48
75,48
76,48
77,13
78,48
79,48
80,48
81,20
82,48
83,48
84,48
85,48
86,48
87,48
88,13
89,20
90,48
91,48
92,48
93,48
94,48
95,48
96,48
97,48
98,13
99,48
100,48
101,48
102,48
103,48
104,48
105,20
106,48
107,48
108,48
109,13
110,58
111,20
112,48
113,48
114,20
115,20
116,48
117,48
118,48
119,48
120,13
121,48
122,48
123,48
124,48
125,48
126,48
127,48
128,48
129,48
130,48
131,20
132,48
133,48
134,48
135,58
136,13
137,48
138,48
139,62
140,48
141,48
142,13
143,48
144,20
145,48
146,48
147,48
148,48
149,62
150,58
151,48
152,48
153,49
154,48
155,48
156,48
157,39
158,20
159,48
160,48
161,48
162,48
163,48
164,48
165,48
166,48
167,48
168,48
169,48
170,20
171,48
172,48
173,48
174,48
175,48
176,48
177,20
178,48
179,48
180,48
181,48
182,48
183,48
184,48
185,48
186,48
187,48
188,48
189,48
190,48
191,48
192,48
193,48
194,13
195,20
196,48
197,48
198,48
199,48
200,48
201,48
202,48
203,20
204,48
205,62
206,20
207,13
208,48
209,48
210,20
211,48
212,58
213,48
214,48
215,48
216,20
217,48
218,48
219,48
220,16
221,22
222,20
223,48
224,48
225,61
226,48
227,13
228,48
229,62
230,58
231,20
232,13
233,20
234,48
235,48
236,48
237,48
238,48
239,48
240,20
241,20
242,48
243,48
244,48
245,48
246,48
247,48
248,48
249,20
250,48
251,48
252,48
253,20
254,20
255,48
256,20
257,48
258,48
259,48
260,48
261,20
262,48
263,91
264,48
265,48
266,13
267,48
268,48
269,13
270,20
271,48
272,48
273,48
274,48
275,48
276,58
277,48
278,20
279,48
280,48
281,13
282,62
283,48
284,48
285,48
286,48
287,48
288,48
289,48
290,48
291,48
292,13
293,48
294,48
295,91
296,48
297,48
298,48
299,48
300,48
301,48
302,61
303,48
304,20
305,48
306,13
307,48
308,48
309,48
310,48
311,48
312,20
313,48
314,48
315,48
316,48
317,48
318,48
319,22
320,48
321,48
322,48
323,20
324,48
325,48
326,48
327,48
328,48
329,48
330,13
331,48
332,20
333,48
334,48
335,62
336,20
337,48
338,48
339,48
340,48
341,48
342,13
343,48
344,20
345,48
346,48
347,48
348,48
349,48
350,91
351,48
352,13
353,48
354,48
355,48
356,48
357,48
358,48
359,48
360,48
361,39
362,62
363,13
364,48
365,86
366,48
367,48
368,48
369,48
370,48
371,48
372,20
373,48
374,13
375,20
376,48
377,48
378,13
379,48
380,48
381,48
382,48
383,48
384,48
385,48
386,48
387,48
388,49
389,48
390,48
391,48
392,48
393,48
394,48
395,48
396,48
397,62
398,48
399,13
400,48
401,58
402,48
403,62
404,48
405,20
406,48
407,20
408,48
409,48
410,48
411,58
412,91
413,91
414,48
415,48
416,48
417,48
418,48
419,48
420,48
421,48
422,48
423,48
424,62
425,48
426,48
427,20
428,48
429,48
430,48
431,48
432,20
433,48
434,48
435,48
436,48
437,48
438,48
439,48
440,13
441,48
442,48
443,48
444,48
445,91
446,48
447,48
448,48
449,48
450,48
451,48
452,48
453,48
454,48
455,20
456,48
457,48
458,16
459,48
460,48
461,13
462,53
463,13
464,48
465,61
466,48
467,91
468,48
469,48
470,48
471,48
472,48
473,48
474,48
475,48
476,48
477,48
478,48
479,13
480,48
481,48
482,48
483,48
484,48
485,20
486,39
487,48
488,48
489,48
490,48
491,92
492,58
493,48
494,48
495,48
496,48
497,48
498,48
499,13
500,48
501,20
502,58
503,20
504,48
505,48
506,48
507,48
508,48
509,58
510,48
511,48
512,20
513,48
514,20
515,48
516,62
517,48
518,48
519,48
520,48
521,48
522,48
523,48
524,92
525,48
526,62
527,48
528,48
529,48
530,48
531,48
532,48
533,86
534,48
535,48
536,48
537,48
538,48
539,48
540,48
541,48
542,48
543,48
544,91
545,48
546,48
547,48
548,54
549,48
550,48
551,48
552,48
553,48
554,48
555,13
556,48
557,48
558,48
559,48
560,48
561,48
562,48
563,48
564,48
565,48
566,48
567,48
568,48
569,48
570,92
571,48
572,48
573,48
574,48
575,20
576,48
577,48
578,13
579,48
580,48
581,48
582,48
583,48
584,20
585,48
586,48
587,48
588,48
589,48
590,48
591,48
592,48
593,48
594,48
595,91
596,48
597,20
598,48
599,48
600,48
601,20
602,48
603,13
604,48
605,48
606,48
607,48
608,48
609,48
610,48
611,48
612,48
613,20
614,48
615,48
616,48
617,48
618,48
619,48
620,48
621,86
622,16
623,48
624,58
625,48
626,48
627,48
628,62
629,48
630,48
631,39
632,48
633,48
634,48
635,39
636,48
637,48
638,48
639,48
640,48
641,58
642,48
643,48
644,48
645,48
646,48
647,13
648,48
649,13
650,48
651,48
652,48
653,48
654,48
655,48
656,48
657,48
658,48
659,48
660,48
661,48
662,48
663,48
664,48
665,48
666,48
667,48
668,48
669,48
670,48
671,61
672,58
673,48
674,48
675,20
676,22
677,20
678,48
679,91
680,48
681,48
682,48
683,20
684,48
685,48
686,48
687,48
688,48
689,48
690,48
691,48
692,48
693,48
694,48
695,48
696,48
697,20
698,53
699,48
700,48
701,48
702,48
703,13
704,20
705,48
706,48
707,48
708,48
709,48
710,48
711,48
712,48
713,20
714,48
715,48
716,48
717,48
718,48
719,48
720,48
721,48
722,53
723,58
724,48
725,48
726,48
727,48
728,48
729,48
730,48
731,48
732,48
733,48
734,86
735,48
736,91
737,48
738,58
739,48
740,48
741,48
742,48
743,48
744,48
745,20
746,48
747,48
748,48
749,92
750,48
751,48
752,48
753,48
754,48
755,62
756,13
757,48
758,92
759,48
760,48
761,48
762,48
763,20
764,48
765,48
766,48
767,48
768,48
769,13
770,48
771,39
772,58
773,48
774,48
775,48
776,48
777,48
778,48
779,48
780,91
781,48
782,48
783,48
784,13
785,71
786,48
787,58
788,48
789,48
790,48
791,48
792,48
793,41
794,48
795,48
796,48
797,48
798,48
799,48
800,48
801,24
802,13
803,48
804,20
805,48
806,48
807,41
808,48
809,48
810,53
811,48
812,48
813,48
814,48
815,48
816,48
817,48
818,48
819,48
820,39
821,48
822,48
823,58
824,20
825,48
826,48
827,41
828,20
829,48
830,48
831,20
832,48
833,48
834,48
835,48
836,48
837,91
838,48
839,48
840,48
841,48
842,48
843,48
844,48
845,48
846,48
847,48
848,48
849,48
850,48
851,48
852,48
853,82
854,48
855,92
856,48
857,48
858,48
859,48
860,48
861,41
862,20
863,53
864,48
865,48
866,48
867,48
868,20
869,48
870,48
871,48
872,48
873,48
874,48
875,48
876,48
877,58
878,48
879,48
880,48
881,48
882,48
883,48
884,48
885,48
886,92
887,53
888,48
889,20
890,48
891,48
892,48
893,48
894,48
895,48
896,48
897,48
898,48
899,48
900,61
901,48
902,48
903,48
904,48
905,20
906,13
907,48
908,48
909,48
910,48
911,48
912,48
913,48
914,13
915,92
916,48
917,48
918,48
919,48
920,48
921,48
922,13
923,48
924,48
925,48
926,22
927,13
928,48
929,48
930,48
931,62
932,20
933,91
934,48
935,20
936,48
937,48
938,48
939,48
940,91
941,48
942,48
943,48
944,20
945,48
946,48
947,48
948,48
949,48
950,13
951,86
952,48
953,48
954,22
955,48
956,62
957,48
958,61
959,22
960,48
961,48
962,48
963,48
964,48
965,48
966,48
967,48
968,48
969,48
970,54
971,48
972,48
973,20
974,48
975,20
976,48
977,48
978,48
979,48
980,48
981,41
982,48
983,48
984,48
985,39
986,48
987,48
988,48
989,48
990,91
991,48
992,48
993,48
994,48
995,48
996,22
997,48
998,41
999,48
1000,48
1001,48
1002,48
1003,48
1004,48
1005,62
1006,48
1007,48
1008,91
1009,48
1010,92
1011,22
1012,48
1013,48
1014,48
1015,13
1016,48
1017,48
1018,48
1019,39
1020,48
1021,58
1022,48
1023,48
1024,91
1025,48
1026,48
1027,48
1028,13
1029,20
1030,48
1031,48
1032,48
1033,48
1034,48
1035,61
1036,48
1037,48
1038,48
1039,20
1040,48
1041,48
1042,48
1043,48
1044,48
1045,48
1046,20
1047,48
1048,48
1049,13
1050,13
1051,48
1052,48
1053,48
1054,48
1055,48
1056,48
1057,48
1058,13
1059,48
1060,48
1061,48
1062,48
1063,13
1064,48
1065,20
1066,20
1067,48
1068,48
1069,48
1070,48
1071,48
1072,48
1073,20
1074,48
1075,20
1076,48
1077,48
1078,20
1079,48
1080,48
1081,48
1082,48
1083,48
1084,48
1085,48
1086,20
1087,48
1088,13
1089,48
1090,48
1091,48
1092,48
1093,48
1094,58
1095,48
1096,48
1097,48
1098,48
1099,58
1100,20
1101,48
1102,48
1103,48
1104,13
1105,48
1106,48
1107,20
1108,48
1109,62
1110,48
1111,48
1112,48
1113,20
1114,53
1115,48
1116,48
1117,48
1118,48
1119,48
1120,48
1121,13
1122,48
1123,48
1124,48
1125,48
1126,92
1127,48
1128,48
1129,20
1130,16
1131,91
1132,13
1133,48
1134,0
1135,20
1136,48
1137,48
1138,48
1139,48
1140,48
1141,53
1142,20
1143,48
1144,48
1145,48
1146,48
1147,48
1148,48
1149,48
1150,48
1151,58
1152,48
1153,48
1154,48
1155,48
1156,48
1157,48
1158,13
1159,48
1160,48
1161,48
1162,48
1163,13
1164,22
1165,48
1166,48
1167,91
1168,48
1169,48
1170,48
1171,48
1172,48
1173,48
1174,48
1175,48
1176,48
1177,48
1178,20
1179,48
1180,20
1181,48
1182,48
1183,13
1184,48
1185,20
1186,48
1187,48
1188,48
1189,20
1190,48
1191,48
1192,48
1193,48
1194,91
1195,48
1196,48
1197,48
1198,48
1199,48
1200,48
1201,48
1202,48
1203,48
1204,48
1205,48
1206,48
1207,48
1208,48
1209,48
1210,48
1211,48
1212,48
1213,41
1214,48
1215,48
1216,48
1217,48
1218,48
1219,20
1220,48
1221,20
1222,48
1223,53
1224,48
1225,48
1226,48
1227,48
1228,61
1229,20
1230,48
1231,48
1232,48
1233,48
1234,48
1235,39
1236,48
1237,62
1238,48
1239,48
1240,48
1241,48
1242,48
1243,20
1244,20
1245,62
1246,20
1247,20
1248,48
1249,20
1250,48
1251,48
1252,53
1253,48
1254,48
1255,48
1256,48
1257,62
1258,48
1259,58
1260,48
1261,13
1262,48
1263,48
1264,39
1265,41
1266,48
1267,48
1268,48
1269,20
1270,48
1271,58
1272,48
1273,48
1274,48
1275,48
1276,48
1277,48
1278,48
1279,48
1280,48
1281,48
1282,48
1283,48
1284,48
1285,22
1286,20
1287,48
1288,61
1289,48
1290,20
1291,20
1292,48
1293,48
1294,48
1295,48
1296,48
1297,48
1298,62
1299,48
1300,48
1301,48
1302,48
1303,58
1304,58
1305,48
1306,48
1307,92
1308,48
1309,48
1310,48
1311,20
1312,48
1313,48
1314,48
1315,48
1316,48
1317,48
1318,20
1319,92
1320,48
1321,48
1322,53
1323,13
1324,48
1325,48
1326,91
1327,48
1328,48
1329,48
1330,48
1331,48
1332,48
1333,48
1334,48
1335,48
1336,48
1337,48
1338,48
1339,48
1340,86
1341,48
1342,48
1343,53
1344,48
1345,48
1346,48
1347,48
1348,48
1349,48
1350,48
1351,48
1352,48
1353,48
1354,20
1355,62
1356,48
1357,48
1358,58
1359,48
1360,48
1361,20
1362,48
1363,48
1364,48
1365,48
1366,70
1367,48
1368,48
1369,13
1370,48
1371,48
1372,48
1373,48
1374,48
1375,48
1376,48
1377,48
1378,48
1379,48
1380,58
1381,91
1382,48
1383,48
1384,48
1385,48
1386,48
1387,48
1388,48
1389,48
1390,48
1391,48
1392,48
1393,20
1394,48
1395,48
1396,48
1397,48
1398,48
1399,48
1400,48
1401,48
1402,48
1403,48
1404,20
1405,48
1406,48
1407,48
1408,48
1409,48
1410,48
1411,48
1412,48
1413,48
1414,48
1415,20
1416,48
1417,48
1418,53
1419,13
1420,48
1421,48
1422,20
1423,48
1424,48
1425,48
1426,48
1427,48
1428,48
1429,48
1430,48
1431,48
1432,48
1433,48
1434,48
1435,48
1436,20
1437,48
1438,20
1439,13
1440,48
1441,41
1442,48
1443,48
1444,48
1445,48
1446,20
1447,48
1448,48
1449,48
1450,48
1451,48
1452,48
1453,48
1454,48
1455,48
1456,48
1457,41
1458,13
1459,20
1460,53
1461,48
1462,48
1463,48
1464,48
1465,48
1466,48
1467,48
1468,48
1469,48
1470,20
1471,48
1472,48
1473,20
1474,48
1475,48
1476,48
1477,48
1478,48
1479,48
1480,20
1481,48
1482,48
1483,48
1484,48
1485,48
1486,48
1487,48
1488,48
1489,48
1490,48
1491,48
1492,48
1493,48
1494,48
1495,39
1496,48
1497,48
1498,48
1499,48
1500,48
1501,48
1502,48
1503,58
1504,48
1505,48
1506,48
1507,48
1508,13
1509,48
1510,48
1511,48
1512,20
1513,58
1514,48
1515,48
1516,48
1517,48
1518,48
1519,62
1520,48
1521,48
1522,48
1523,48
1524,48
1525,48
1526,48
1527,48
1528,48
1529,48
1530,48
1531,48
1532,48
1533,48
1534,53
1535,48
1536,48
1537,58
1538,48
1539,13
1540,48
1541,48
1542,48
1543,48
1544,48
1545,48
1546,53
1547,91
1548,13
1549,48
1550,48
1551,48
1552,48
1553,58
1554,13
1555,48
1556,48
1557,48
1558,48
1559,13
1560,48
1561,48
1562,48
1563,48
1564,48
1565,48
1566,48
1567,48
1568,48
1569,48
1570,48
1571,48
1572,48
1573,48
1574,48
1575,48
1576,91
1577,48
1578,92
1579,13
1580,62
1581,48
1582,48
1583,48
1584,48
1585,48
1586,13
1587,48
1588,48
1589,48
1590,48
1591,48
1592,48
1593,92
1594,48
1595,48
1596,48
1597,48
1598,48
1599,39
1600,20
1601,48
1602,48
1603,48
1604,48
1605,41
1606,20
1607,48
1608,48
1609,48
1610,48
1611,48
1612,20
1613,48
1614,48
1615,61
1616,48
1617,48
1618,20
1619,48
1620,48
1621,48
1622,48
1623,48
1624,58
1625,20
1626,48
1627,48
1628,13
1629,48
1630,48
1631,48
1632,48
1633,48
1634,48
1635,48
1636,48
1637,48
1638,48
1639,48
1640,48
1641,13
1642,20
1643,48
1644,48
1645,48
1646,48
1647,48
1648,48
1649,48
1650,48
1651,48
1652,53
1653,48
1654,48
1655,48
1656,48
1657,20
1658,22
1659,70
1660,62
1661,86
1662,48
1663,48
1664,13
1665,48
1666,13
1667,20
1668,48
1669,20
1670,13
1671,48
1672,48
1673,48
1674,48
1675,22
1676,58
1677,20
1678,48
1679,48
1680,48
1681,48
1682,48
1683,22
1684,48
1685,48
1686,48
1687,48
1688,48
1689,48
1690,20
1691,48
1692,48
1693,48
1694,48
1695,48
1696,48
1697,48
1698,48
1699,20
1700,13
1701,48
1702,48
1703,20
1704,20
1705,48
1706,48
1707,48
1708,48
1709,48
1710,48
1711,20
1712,48
1713,48
1714,48
1715,48
1716,48
1717,48
1718,48
1719,58
1720,48
1721,48
1722,48
1723,20
1724,48
1725,48
1726,48
1727,48
1728,48
1729,48
1730,48
1731,48
1732,48
1733,48
1734,48
1735,39
1736,48
1737,62
1738,48
1739,22
1740,13
1741,48
1742,48
1743,48
1744,20
1745,48
1746,48
1747,48
1748,13
1749,13
1750,48
1751,20
1752,48
1753,48
1754,48
1755,48
1756,48
1757,48
1758,48
1759,48
1760,48
1761,48
1762,48
1763,48
1764,86
1765,48
1766,48
1767,48
1768,20
1769,20
1770,58
1771,48
1772,61
1773,20
1774,48
1775,48
1776,48
1777,48
1778,48
1779,48
1780,48
1781,48
1782,48
1783,48
1784,48
1785,48
1786,48
1787,20
1788,48
1789,48
1790,48
1791,48
1792,48
1793,48
1794,48
1795,48
1796,48
1797,62
1798,41
1799,48
1800,48
1801,39
1802,39
1803,48
1804,48
1805,48
1806,48
1807,48
1808,13
1809,48
1810,48
1811,48
1812,48
1813,48
1814,48
1815,48
1816,20
1817,48
1818,48
1819,48
1820,48
1821,48
1822,48
1823,48
1824,48
1825,48
1826,48
1827,13
1828,48
1829,48
1830,48
1831,20
1832,13
1833,48
1834,48
1835,58
1836,48
1837,20
1838,48
1839,48
1840,48
1841,48
1842,20
1843,48
1844,20
1845,48
1846,48
1847,48
1848,48
1849,48
1850,91
1851,48
1852,48
1853,48
1854,48
1855,48
1856,48
1857,58
1858,48
1859,48
1860,39
1861,48
1862,48
1863,48
1864,48
1865,48
1866,20
1867,48
1868,48
1869,48
1870,48
1871,48
1872,86
1873,91
1874,48
1875,53
1876,48
1877,48
1878,48
1879,62
1880,48
1881,48
1882,48
1883,48
1884,48
1885,48
1886,48
1887,48
1888,20
1889,48
1890,20
1891,48
1892,20
1893,48
1894,48
1895,48
1896,48
1897,48
1898,48
1899,48
1900,48
1901,48
1902,48
1903,48
1904,91
1905,48
1906,48
1907,48
1908,48
1909,13
1910,20
1911,62
1912,91
1913,48
1914,48
1915,48
1916,53
1917,48
1918,48
1919,48
1920,48
1921,48
1922,48
1923,48
1924,49
1925,48
1926,48
1927,13
1928,20
1929,48
1930,13
1931,48
1932,20
1933,48
1934,48
1935,16
1936,48
1937,48
1938,20
1939,48
1940,48
1941,48
1942,58
1943,48
1944,48
1945,48
1946,48
1947,91
1948,20
1949,48
1950,13
1951,48
1952,48
1953,48
1954,48
1955,20
1956,20
1957,48
1958,48
1959,48
1960,92
1961,48
1962,48
1963,48
1964,48
1965,48
1966,41
1967,48
1968,48
1969,48
1970,20
1971,48
1972,48
1973,48
1974,48
1975,48
1976,48
1977,48
1978,48
1979,48
1980,48
1981,48
1982,48
1983,48
1984,48
1985,48
1986,62
1987,48
1988,48
1989,62
1990,48
1991,48
1992,20
1993,48
1994,48
1995,86
1996,48
1997,86
1998,48
1999,48
2000,48
2001,48
2002,48
2003,62
2004,13
2005,48
2006,20
2007,48
2008,48
2009,48
2010,48
2011,20
2012,48
2013,13
2014,48
2015,48
2016,48
2017,48
2018,48
2019,48
2020,48
2021,48
2022,48
2023,86
2024,48
2025,48
2026,48
2027,48
2028,20
2029,48
2030,48
2031,48
2032,48
2033,58
2034,48
2035,48
2036,48
2037,20
2038,53
2039,48
2040,20
2041,48
2042,48
2043,48
2044,48
2045,48
2046,48
2047,86
2048,48
2049,48
2050,48
2051,48
2052,48
2053,48
2054,48
2055,48
2056,48
2057,20
2058,41
2059,20
2060,91
2061,48
2062,48
2063,62
2064,48
2065,91
2066,48
2067,86
2068,48
2069,48
2070,48
2071,48
2072,48
2073,48
2074,48
2075,53
2076,48
2077,48
2078,48
2079,48
2080,48
2081,20
2082,39
2083,48
2084,48
2085,48
2086,48
2087,48
2088,48
2089,48
2090,48
2091,62
2092,48
2093,48
2094,48
2095,13
2096,48
2097,48
2098,48
2099,20
2100,48
2101,48
2102,48
2103,48
2104,20
2105,48
2106,48
2107,48
2108,48
2109,91
2110,48
2111,58
2112,48
2113,39
2114,48
2115,48
2116,48
2117,48
2118,20
2119,48
2120,20
2121,48
2122,61
2123,48
2124,48
2125,48
2126,48
2127,48
2128,48
2129,48
2130,48
2131,48
2132,20
2133,13
2134,13
2135,62
2136,48
2137,48
2138,48
2139,13
2140,48
2141,48
2142,48
2143,48
2144,48
2145,48
2146,48
2147,48
2148,22
2149,48
2150,48
2151,48
2152,48
2153,62
2154,13
2155,48
2156,48
2157,48
2158,48
2159,48
2160,48
2161,48
2162,48
2163,20
2164,20
2165,48
2166,48
2167,48
2168,48
2169,48
2170,48
2171,48
2172,48
2173,48
2174,48
2175,41
2176,48
2177,48
2178,13
2179,48
2180,48
2181,48
2182,13
2183,48
2184,48
2185,48
2186,48
2187,48
2188,48
2189,86
2190,48
2191,48
2192,48
2193,20
2194,48
2195,13
2196,48
2197,48
2198,91
2199,48
2200,48
2201,48
2202,86
2203,48
2204,48
2205,48
2206,48
2207,13
2208,48
2209,20
2210,48
2211,48
2212,20
2213,48
2214,48
2215,48
2216,20
2217,48
2218,92
2219,48
2220,48
2221,48
2222,48
2223,48
2224,48
2225,48
2226,48
2227,48
2228,48
2229,48
2230,48
2231,48
2232,48
2233,48
2234,48
2235,62
2236,91
2237,20
2238,20
2239,48
2240,22
2241,48
2242,48
2243,48
2244,48
2245,58
2246,62
2247,20
2248,39
2249,48
2250,48
2251,48
2252,48
2253,48
2254,48
2255,48
2256,20
2257,91
2258,53
2259,48
2260,62
2261,48
2262,48
2263,48
2264,48
2265,48
2266,61
2267,48
2268,48
2269,48
2270,48
2271,48
2272,48
2273,48
2274,48
2275,48
2276,48
2277,48
2278,48
2279,48
2280,48
2281,48
2282,48
2283,48
2284,61
2285,48
2286,49
2287,48
2288,48
2289,61
2290,48
2291,48
2292,48
2293,48
2294,48
2295,20
2296,48
2297,48
2298,53
2299,48
2300,48
2301,48
2302,48
2303,48
2304,13
2305,62
2306,48
2307,48
2308,48
2309,48
2310,48
2311,48
2312,48
2313,48
2314,48
2315,48
2316,48
2317,48
2318,48
2319,48
2320,20
2321,91
2322,20
2323,48
2324,48
2325,48
2326,48
2327,48
2328,48
2329,48
2330,58
2331,48
2332,48
2333,20
2334,13
2335,91
2336,48
2337,48
2338,48
2339,48
2340,13
2341,48
2342,48
2343,48
2344,20
2345,48
2346,48
2347,48
2348,22
2349,48
2350,48
2351,48
2352,48
2353,39
2354,54
2355,48
2356,48
2357,86
2358,48
2359,48
2360,13
2361,48
2362,13
2363,48
2364,48
2365,48
2366,48
2367,48
2368,48
2369,13
2370,48
2371,48
2372,48
2373,48
2374,48
2375,48
2376,48
2377,48
2378,48
2379,48
2380,48
2381,48
2382,20
2383,48
2384,48
2385,48
2386,48
2387,48
2388,48
2389,62
2390,48
2391,48
2392,13
2393,20
2394,48
2395,48
2396,48
2397,48
2398,48
2399,91
2400,48
2401,48
2402,48
2403,48
2404,48
2405,48
2406,48
2407,20
2408,48
2409,58
2410,48
2411,48
2412,48
2413,48
2414,48
2415,20
2416,22
2417,48
2418,39
2419,48
2420,48
2421,48
2422,48
2423,48
2424,48
2425,20
2426,48
2427,48
2428,48
2429,48
2430,48
2431,48
2432,13
2433,48
2434,48
2435,48
2436,48
2437,48
2438,48
2439,13
2440,48
2441,48
2442,20
2443,20
2444,48
2445,48
2446,48
2447,48
2448,48
2449,48
2450,48
2451,48
2452,48
2453,20
2454,48
2455,48
2456,48
2457,48
2458,91
2459,53
2460,48
2461,91
2462,48
2463,48
2464,48
2465,48
2466,48
2467,41
2468,48
2469,48
2470,48
2471,48
2472,48
2473,48
2474,48
2475,20
2476,48
2477,48
2478,48
2479,48
2480,48
2481,48
2482,48
2483,48
2484,58
2485,48
2486,48
2487,48
2488,58
2489,48
2490,48
2491,48
2492,48
2493,62
2494,20
2495,48
2496,39
2497,48
2498,48
2499,48
2500,39
2501,53
2502,48
2503,91
2504,39
2505,92
2506,13
2507,48
2508,48
2509,91
2510,48
2511,20
2512,48
2513,48
2514,48
2515,48
2516,48
2517,58
2518,48
2519,48
2520,48
2521,48
2522,20
2523,48
2524,91
2525,48
2526,48
2527,48
2528,48
2529,13
2530,48
2531,48
2532,20
2533,48
2534,48
2535,48
2536,48
2537,20
2538,13
2539,48
2540,48
2541,48
2542,48
2543,48
2544,48
2545,48
2546,48
2547,58
2548,22
2549,48
2550,13
2551,39
2552,48
2553,48
2554,48
2555,48
2556,48
2557,48
2558,48
2559,86
2560,48
2561,48
2562,62
2563,48
2564,48
2565,20
2566,48
2567,61
2568,48
2569,48
2570,48
2571,48
2572,48
2573,48
2574,20
2575,20
2576,13
2577,48
2578,20
2579,48
2580,48
2581,48
2582,91
2583,48
2584,48
2585,48
2586,48
2587,58
2588,39
2589,20
2590,48
2591,48
2592,62
2593,48
2594,13
2595,48
2596,62
2597,48
2598,48
2599,16
2600,48
2601,22
2602,48
2603,48
2604,48
2605,48
2606,48
2607,48
2608,48
2609,48
2610,48
2611,48
2612,13
2613,91
2614,48
2615,48
2616,48
2617,48
2618,48
2619,48
2620,48
2621,48
2622,48
2623,48
2624,48
2625,48
2626,48
2627,48
2628,58
2629,13
2630,48
2631,48
2632,48
2633,20
2634,48
2635,48
2636,48
2637,48
2638,48
2639,48
2640,53
2641,48
2642,48
2643,48
2644,48
2645,48
2646,48
2647,48
2648,48
2649,48
2650,48
2651,48
2652,48
2653,20
2654,13
2655,48
2656,48
2657,48
2658,48
2659,48
2660,48
2661,20
2662,48
2663,48
2664,20
2665,91
2666,48
2667,48
2668,48
2669,48
2670,48
2671,48
2672,13
2673,48
2674,48
2675,48
2676,48
2677,48
2678,48
2679,48
2680,48
2681,48
2682,62
2683,13
2684,48
2685,48
2686,48
2687,48
2688,48
2689,48
2690,48
2691,20
2692,48
2693,48
2694,48
2695,20
2696,62
2697,48
2698,48
2699,48
2700,13
2701,62
2702,48
2703,48
2704,48
2705,13
2706,48
2707,92
2708,48
2709,91
2710,48
2711,20
2712,61
2713,48
2714,48
2715,13
2716,48
2717,48
2718,48
2719,58
2720,20
2721,48
2722,48
2723,48
2724,48
2725,48
2726,48
2727,48
2728,48
2729,48
2730,20
2731,20
2732,48
2733,48
2734,48
2735,62
2736,48
2737,48
2738,48
2739,48
2740,48
2741,48
2742,86
2743,48
2744,91
2745,48
2746,48
2747,48
2748,48
2749,48
2750,48
2751,48
2752,92
2753,48
2754,86
2755,48
2756,48
2757,48
2758,48
2759,48
2760,48
2761,48
2762,13
2763,48
2764,48
2765,20
2766,48
2767,48
2768,48
2769,48
2770,48
2771,48
2772,48
2773,48
2774,48
2775,48
2776,48
2777,48
2778,48
2779,91
2780,53
2781,48
2782,48
2783,48
2784,48
2785,48
2786,48
2787,48
2788,48
2789,48
2790,48
2791,48
2792,20
2793,48
2794,20
2795,53
2796,48
2797,41
2798,48
2799,48
2800,48
2801,48
2802,58
2803,48
2804,48
2805,48
2806,48
2807,48
2808,39
2809,48
2810,13
2811,48
2812,20
2813,91
2814,48
2815,48
2816,48
2817,48
2818,53
2819,22
2820,48
2821,92
2822,48
2823,48
2824,48
2825,48
2826,48
2827,48
2828,48
2829,58
2830,48
2831,48
2832,48
2833,48
2834,48
2835,48
2836,48
2837,20
2838,48
2839,22
2840,48
2841,48
2842,48
2843,48
2844,48
2845,48
2846,48
2847,48
2848,48
2849,48
2850,13
2851,20
2852,53
2853,53
2854,48
2855,58
2856,48
2857,48
2858,48
2859,48
2860,48
2861,48
2862,22
2863,48
2864,48
2865,48
2866,48
2867,48
2868,48
2869,48
2870,48
2871,48
2872,39
2873,48
2874,48
2875,13
2876,48
2877,48
2878,20
2879,48
2880,48
2881,62
2882,48
2883,48
2884,48
2885,48
2886,48
2887,48
2888,48
2889,20
2890,48
2891,48
2892,9
2893,48
2894,48
2895,48
2896,48
2897,48
2898,48
2899,48
2900,48
2901,48
2902,48
2903,48
2904,48
2905,48
2906,48
2907,91
2908,40
2909,48
2910,48
2911,48
2912,48
2913,61
2914,48
2915,48
2916,48
2917,48
2918,48
2919,48
2920,48
2921,20
2922,13
2923,48
2924,48
2925,48
2926,20
2927,20
2928,53
2929,48
2930,48
2931,48
2932,20
2933,48
2934,48
2935,48
2936,48
2937,48
2938,48
2939,62
2940,48
2941,48
2942,48
2943,20
2944,13
2945,48
2946,48
2947,53
2948,48
2949,48
2950,91
2951,48
2952,48
2953,48
2954,58
2955,48
2956,48
2957,48
2958,48
2959,48
2960,48
2961,48
2962,20
2963,48
2964,22
2965,48
2966,48
2967,13
2968,48
2969,62
2970,48
2971,48
2972,48
2973,13
2974,48
2975,48
2976,20
2977,48
2978,86
2979,48
2980,48
2981,20
2982,48
2983,48
2984,48
2985,48
2986,48
2987,48
2988,48
2989,48
2990,48
2991,91
2992,48
2993,48
2994,48
2995,91
2996,48
2997,61
2998,48
2999,75
3000,48
3001,83
3002,48
3003,48
3004,48
3005,48
3006,48
3007,48
3008,48
3009,48
3010,48
3011,48
3012,48
3013,48
3014,48
3015,48
3016,48
3017,48
3018,48
3019,20
3020,48
3021,62
3022,48
3023,48
3024,48
3025,48
3026,48
3027,48
3028,48
3029,20
3030,48
3031,58
3032,48
3033,48
3034,91
3035,48
3036,48
3037,48
3038,48
3039,48
3040,48
3041,48
3042,48
3043,48
3044,48
3045,48
3046,48
3047,48
3048,48
3049,48
3050,48
3051,48
3052,48
3053,20
3054,48
3055,48
3056,48
3057,48
3058,20
3059,48
3060,48
3061,20
3062,48
3063,48
3064,48
3065,48
3066,16
3067,58
3068,48
3069,48
3070,48
3071,48
3072,48
3073,48
3074,48
3075,48
3076,48
3077,92
3078,48
3079,20
3080,48
3081,48
3082,48
3083,48
3084,49
3085,48
3086,48
3087,48
3088,48
3089,48
3090,48
3091,16
3092,48
3093,48
3094,62
3095,48
3096,58
3097,48
3098,53
3099,48
3100,48
3101,20
3102,48
3103,48
3104,48
3105,48
3106,48
3107,48
3108,48
3109,48
3110,13
3111,48
3112,20
3113,48
3114,48
3115,48
3116,48
3117,92
3118,48
3119,48
3120,48
3121,48
3122,48
3123,48
3124,48
3125,48
3126,48
3127,48
3128,48
3129,48
3130,20
3131,48
3132,48
3133,48
3134,48
3135,48
3136,48
3137,20
3138,48
3139,48
3140,48
3141,48
3142,48
3143,48
3144,48
3145,48
3146,53
3147,48
3148,48
3149,20
3150,48
3151,48
3152,53
3153,58
3154,48
3155,48
3156,48
3157,48
3158,48
3159,13
3160,48
3161,48
3162,20
3163,48
3164,48
3165,20
3166,48
3167,48
3168,48
3169,48
3170,48
3171,48
3172,20
3173,48
3174,48
3175,48
3176,48
3177,48
3178,48
3179,48
3180,48
3181,48
3182,48
3183,48
3184,48
3185,48
3186,61
3187,48
3188,48
3189,20
3190,48
3191,48
3192,48
3193,48
3194,58
3195,48
3196,48
3197,48
3198,48
3199,13
3200,48
3201,48
3202,48
3203,48
3204,20
3205,20
3206,48
3207,48
3208,48
3209,48
3210,48
3211,48
3212,48
3213,48
3214,48
3215,48
3216,20
3217,48
3218,48
3219,48
3220,58
3221,20
3222,48
3223,48
3224,48
3225,48
3226,16
3227,48
3228,20
3229,48
3230,48
3231,48
3232,48
3233,48
3234,20
3235,58
3236,48
3237,48
3238,48
3239,48
3240,48
3241,48
3242,48
3243,48
3244,91
3245,48
3246,48
3247,48
3248,48
3249,48
3250,48
3251,13
3252,53
3253,20
3254,48
3255,13
3256,48
3257,53
3258,48
3259,48
3260,48
3261,48
3262,48
3263,0
3264,48
3265,48
3266,20
3267,48
3268,48
3269,20
3270,48
3271,48
3272,20
3273,20
3274,62
3275,86
3276,48
3277,48
3278,48
3279,20
3280,13
3281,48
3282,22
3283,48
3284,62
3285,13
3286,48
3287,48
3288,48
3289,5
3290,13
3291,48
3292,58
3293,48
3294,48
3295,48
3296,92
3297,48
3298,39
3299,48
3300,48
3301,13
3302,48
3303,48
3304,48
3305,48
3306,48
3307,48
3308,13
3309,48
3310,48
3311,48
3312,48
3313,48
3314,20
3315,48
3316,48
3317,48
3318,20
3319,58
3320,13
3321,48
3322,62
3323,53
3324,48
3325,48
3326,48
3327,48
3328,48
3329,48
3330,48
3331,48
3332,48
3333,58
3334,13
3335,48
3336,48
3337,48
3338,48
3339,48
3340,20
3341,48
3342,48
3343,48
3344,48
3345,48
3346,48
3347,49
3348,48
3349,53
3350,13
3351,48
3352,58
3353,48
3354,48
3355,48
3356,48
3357,13
3358,48
3359,48
3360,48
3361,48
3362,48
3363,53
3364,53
3365,48
3366,48
3367,48
3368,48
3369,48
3370,48
3371,48
3372,48
3373,48
3374,48
3375,48
3376,48
3377,48
3378,13
3379,48
3380,20
3381,48
3382,48
3383,48
3384,48
3385,48
3386,13
3387,48
3388,20
3389,48
3390,48
3391,48
3392,91
3393,48
3394,48
3395,48
3396,48
3397,48
3398,48
3399,20
3400,48
3401,48
3402,48
3403,48
3404,48
3405,13
3406,48
3407,48
3408,48
3409,48
3410,48
3411,48
3412,48
3413,41
3414,53
3415,13
3416,48
3417,48
3418,20
3419,48
3420,48
3421,48
3422,48
3423,48
3424,62
3425,48
3426,48
3427,48
3428,48
3429,16
3430,62
3431,48
3432,48
3433,48
3434,48
3435,92
3436,39
3437,48
3438,48
3439,48
3440,48
3441,48
3442,48
3443,48
3444,48
3445,48
3446,20
3447,48
3448,49
3449,48
3450,54
3451,48
3452,20
3453,53
3454,48
3455,54
3456,48
3457,48
3458,53
3459,48
3460,92
3461,48
3462,48
3463,48
3464,48
3465,48
3466,48
3467,48
3468,48
3469,48
3470,22
3471,53
3472,48
3473,48
3474,53
3475,48
3476,91
3477,48
3478,48
3479,48
3480,48
3481,48
3482,58
3483,48
3484,48
3485,48
3486,48
3487,13
3488,13
3489,48
3490,48
3491,48
3492,48
3493,48
3494,91
3495,16
3496,48
3497,48
3498,48
3499,48
3500,48
3501,48
3502,48
3503,13
3504,48
3505,86
3506,48
3507,48
3508,48
3509,48
3510,48
3511,48
3512,92
3513,48
3514,48
3515,48
3516,48
3517,48
3518,48
3519,48
3520,20
3521,48
3522,58
3523,48
3524,48
3525,48
3526,22
3527,20
3528,48
3529,48
3530,48
3531,48
3532,48
3533,48
3534,48
3535,62
3536,48
3537,48
3538,48
3539,48
3540,48
3541,91
3542,20
3543,48
3544,20
3545,48
3546,48
3547,48
3548,48
3549,48
3550,48
3551,48
3552,48
3553,48
3554,62
3555,91
3556,48
3557,48
3558,48
3559,48
3560,20
3561,20
3562,48
3563,48
3564,48
3565,48
3566,48
3567,48
3568,20
3569,48
3570,13
3571,48
3572,20
3573,48
3574,48
3575,48
3576,53
3577,48
3578,86
3579,48
3580,48
3581,48
3582,13
3583,48
3584,48
3585,53
3586,13
3587,20
3588,48
3589,48
3590,48
3591,48
3592,41
3593,20
3594,20
3595,20
3596,48
3597,48
3598,48
3599,48
3600,13
3601,48
3602,48
3603,48
3604,20
3605,48
3606,48
3607,22
3608,48
3609,20
3610,48
3611,20
3612,20
3613,48
3614,58
3615,48
3616,48
3617,48
3618,48
3619,20
3620,48
3621,20
3622,48
3623,48
3624,48
3625,48
3626,48
3627,16
3628,48
3629,48
3630,48
3631,48
3632,48
3633,20
3634,53
3635,48
3636,48
3637,48
3638,20
3639,58
3640,13
3641,48
3642,48
3643,48
3644,48
3645,62
3646,48
3647,48
3648,48
3649,48
3650,20
3651,48
3652,48
3653,48
3654,13
3655,48
3656,48
3657,39
3658,48
3659,48
3660,48
3661,48
3662,48
3663,48
3664,48
3665,48
3666,48
3667,48
3668,16
3669,48
3670,53
3671,48
3672,20
3673,48
3674,48
3675,48
3676,20
3677,48
3678,20
3679,13
3680,48
3681,48
3682,48
3683,48
3684,48
3685,48
3686,48
3687,48
3688,49
3689,48
3690,58
3691,48
3692,48
3693,48
3694,48
3695,48
3696,48
3697,48
3698,20
3699,48
3700,48
3701,48
3702,48
3703,48
3704,48
3705,13
3706,20
3707,48
3708,48
3709,48
3710,48
3711,61
3712,48
3713,48
3714,48
3715,48
3716,49
3717,48
3718,20
3719,91
3720,48
3721,48
3722,48
3723,48
3724,48
3725,48
3726,48
3727,58
3728,48
3729,48
3730,48
3731,48
3732,48
3733,48
3734,48
3735,48
3736,48
3737,48
3738,20
3739,48
3740,48
3741,48
3742,48
3743,48
3744,20
3745,20
3746,48
3747,48
3748,48
3749,48
3750,22
3751,20
3752,58
3753,53
3754,48
3755,48
3756,13
3757,48
3758,48
3759,48
3760,48
3761,48
3762,20
3763,91
3764,48
3765,48
3766,48
3767,48
3768,48
3769,48
3770,48
3771,48
3772,48
3773,48
3774,48
3775,48
3776,48
3777,48
3778,20
3779,48
3780,62
3781,48
3782,20
3783,48
3784,48
3785,20
3786,48
3787,16
3788,48
3789,48
3790,91
3791,13
3792,48
3793,48
3794,53
3795,48
3796,48
3797,20
3798,48
3799,48
3800,13
3801,48
3802,48
3803,48
3804,22
3805,48
3806,16
3807,13
3808,48
3809,48
3810,58
3811,48
3812,48
3813,39
3814,48
3815,48
3816,20
3817,48
3818,48
3819,48
3820,48
3821,48
3822,48
3823,48
3824,48
3825,48
3826,48
3827,48
3828,48
3829,48
3830,48
3831,48
3832,48
3833,13
3834,48
3835,48
3836,48
3837,16
3838,48
3839,48
3840,48
3841,48
3842,48
3843,20
3844,48
3845,48
3846,48
3847,48
3848,62
3849,48
3850,48
3851,53
3852,48
3853,48
3854,48
3855,48
3856,20
3857,48
3858,48
3859,48
3860,48
3861,20
3862,48
3863,0
3864,48
3865,48
3866,48
3867,13
3868,48
3869,48
3870,86
3871,48
3872,20
3873,13
3874,48
3875,48
3876,13
3877,48
3878,91
3879,48
3880,48
3881,48
3882,48
3883,48
3884,48
3885,48
3886,48
3887,48
3888,48
3889,91
3890,48
3891,48
3892,48
3893,48
3894,13
3895,58
3896,48
3897,48
3898,20
3899,48
3900,48
3901,48
3902,48
3903,48
3904,48
3905,62
3906,20
3907,48
3908,48
3909,48
3910,48
3911,91
3912,48
3913,13
3914,53
3915,48
3916,48
3917,48
3918,48
3919,39
3920,48
3921,48
3922,48
3923,48
3924,16
3925,48
3926,48
3927,48
3928,48
3929,48
3930,48
3931,48
3932,48
3933,48
3934,48
3935,48
3936,91
3937,20
3938,20
3939,48
3940,48
3941,48
3942,48
3943,48
3944,48
3945,48
3946,58
3947,48
3948,48
3949,48
3950,48
3951,48
3952,48
3953,48
3954,13
3955,48
3956,20
3957,48
3958,48
3959,48
3960,48
3961,48
3962,48
3963,48
3964,62
3965,48
3966,48
3967,62
3968,48
3969,48
3970,48
3971,48
3972,48
3973,20
3974,48
3975,48
3976,48
3977,48
3978,48
3979,48
3980,48
3981,48
3982,48
3983,48
3984,58
3985,48
3986,48
3987,20
3988,48
3989,48
3990,48
3991,48
3992,20
3993,48
3994,48
3995,48
3996,62
3997,48
3998,48
3999,48
4000,61
4001,48
4002,48
4003,48
4004,48
4005,48
4006,48
4007,13
4008,48
4009,58
4010,48
4011,48
4012,48
4013,48
4014,48
4015,48
4016,48
4017,91
4018,48
4019,13
4020,48
4021,48
4022,48
4023,20
4024,62
4025,13
4026,48
4027,48
4028,48
4029,48
4030,48
4031,13
4032,13
4033,48
4034,13
4035,62
4036,22
4037,48
4038,48
4039,48
4040,48
4041,48
4042,53
4043,48
4044,48
4045,53
4046,48
4047,20
4048,62
4049,48
4050,48
4051,48
4052,48
4053,13
4054,20
4055,48
4056,48
4057,48
4058,48
4059,48
4060,48
4061,48
4062,48
4063,48
4064,13
4065,48
4066,48
4067,48
4068,48
4069,91
4070,48
4071,48
4072,48
4073,13
4074,48
4075,48
4076,48
4077,20
4078,48
4079,20
4080,13
4081,48
4082,48
4083,48
4084,48
4085,48
4086,48
4087,13
4088,13
4089,48
4090,48
4091,48
4092,62
4093,92
4094,48
4095,48
4096,48
4097,48
4098,48
4099,48
4100,48
4101,48
4102,48
4103,58
4104,48
4105,58
4106,48
4107,48
4108,48
4109,48
4110,48
4111,48
4112,92
4113,48
4114,48
4115,48
4116,62
4117,48
4118,48
4119,48
4120,16
4121,13
4122,91
4123,20
4124,13
4125,48
4126,48
4127,48
4128,48
4129,48
4130,91
4131,86
4132,48
4133,58
4134,48
4135,48
4136,13
4137,58
4138,61
4139,20
4140,53
4141,48
4142,62
4143,91
4144,58
4145,48
4146,48
4147,13
4148,48
4149,13
4150,48
4151,48
4152,48
4153,48
4154,48
4155,48
4156,53
4157,48
4158,48
4159,41
4160,20
4161,48
4162,48
4163,48
4164,48
4165,48
4166,48
4167,91
4168,48
4169,48
4170,48
4171,62
4172,48
4173,48
4174,48
4175,48
4176,20
4177,48
4178,48
4179,48
4180,48
4181,48
4182,48
4183,48
4184,48
4185,48
4186,48
4187,48
4188,48
4189,53
4190,48
4191,48
4192,91
4193,48
4194,62
4195,86
4196,48
4197,48
4198,48
4199,53
4200,48
4201,53
4202,20
4203,48
4204,48
4205,48
4206,13
4207,20
4208,48
4209,48
4210,48
4211,48
4212,62
4213,48
4214,48
4215,48
4216,48
4217,20
4218,48
4219,48
4220,48
4221,53
4222,48
4223,48
4224,49
4225,48
4226,58
4227,48
4228,48
4229,48
4230,48
4231,48
4232,48
4233,48
4234,48
4235,20
4236,48
4237,48
4238,48
4239,22
4240,48
4241,48
4242,48
4243,48
4244,48
4245,13
4246,16
4247,48
4248,48
4249,70
4250,48
4251,48
4252,20
4253,48
4254,48
4255,48
4256,48
4257,48
4258,48
4259,13
4260,13
4261,48
4262,48
4263,91
4264,48
4265,48
4266,48
4267,48
4268,48
4269,48
4270,48
4271,53
4272,48
4273,70
4274,20
4275,48
4276,48
4277,48
4278,20
4279,48
4280,20
4281,48
4282,48
4283,48
4284,48
4285,48
4286,48
4287,48
4288,48
4289,48
4290,48
4291,48
4292,48
4293,48
4294,48
4295,48
4296,48
4297,53
4298,48
4299,48
4300,48
4301,20
4302,48
4303,48
4304,48
4305,48
4306,48
4307,48
4308,20
4309,13
4310,62
4311,48
4312,48
4313,48
4314,58
4315,48
4316,48
4317,48
4318,48
4319,48
4320,48
4321,48
4322,48
4323,48
4324,48
4325,9
4326,48
4327,48
4328,53
4329,48
4330,13
4331,48
4332,13
4333,48
4334,53
4335,48
4336,48
4337,48
4338,48
4339,48
4340,20
4341,91
4342,48
4343,48
4344,39
4345,48
4346,48
4347,48
4348,91
4349,48
4350,48
4351,20
4352,48
4353,13
4354,48
4355,20
4356,48
4357,20
4358,48
4359,48
4360,41
4361,48
4362,58
4363,48
4364,48
4365,48
4366,48
4367,91
4368,48
4369,48
4370,48
4371,48
4372,48
4373,48
4374,48
4375,91
4376,48
4377,48
4378,48
4379,91
4380,48
4381,13
4382,13
4383,48
4384,13
4385,48
4386,48
4387,48
4388,48
4389,48
4390,48
4391,48
4392,20
4393,48
4394,48
4395,39
4396,48
4397,48
4398,48
4399,48
4400,20
4401,48
4402,62
4403,58
4404,48
4405,48
4406,58
4407,20
4408,58
4409,48
4410,48
4411,48
4412,48
4413,48
4414,48
4415,48
4416,62
4417,48
4418,20
4419,48
4420,48
4421,48
4422,20
4423,48
4424,48
4425,48
4426,48
4427,48
4428,48
4429,48
4430,48
4431,48
4432,48
4433,58
4434,53
4435,48
4436,48
4437,13
4438,48
4439,48
4440,41
4441,48
4442,48
4443,48
4444,48
4445,48
4446,48
4447,48
4448,48
4449,48
4450,48
4451,48
4452,48
4453,48
4454,48
4455,48
4456,48
4457,48
4458,48
4459,48
4460,48
4461,48
4462,48
4463,48
4464,48
4465,48
4466,13
4467,48
4468,48
4469,48
4470,48
4471,48
4472,48
4473,48
4474,48
4475,48
4476,48
4477,48
4478,48
4479,48
4480,58
4481,48
4482,48
4483,48
4484,48
4485,48
4486,39
4487,48
4488,48
4489,20
4490,48
4491,48
4492,91
4493,91
4494,48
4495,48
4496,48
4497,48
4498,48
4499,48
4500,13
4501,48
4502,48
4503,48
4504,48
4505,48
4506,48
4507,62
4508,48
4509,48
4510,48
4511,48
4512,48
4513,48
4514,48
4515,48
4516,48
4517,48
4518,48
4519,92
4520,58
4521,48
4522,48
4523,48
4524,20
4525,48
4526,48
4527,20
4528,20
4529,48
4530,48
4531,48
4532,48
4533,48
4534,92
4535,48
4536,48
4537,48
4538,48
4539,48
4540,91
4541,48
4542,48
4543,48
4544,48
4545,48
4546,48
4547,20
4548,48
4549,48
4550,48
4551,20
4552,48
4553,48
4554,48
4555,48
4556,91
4557,48
4558,48
4559,48
4560,48
4561,48
4562,53
4563,13
4564,20
4565,48
4566,20
4567,48
4568,48
4569,48
4570,48
4571,13
4572,48
4573,16
4574,53
4575,48
4576,48
4577,48
4578,48
4579,48
4580,48
4581,58
4582,48
4583,48
4584,48
4585,48
4586,48
4587,48
4588,48
4589,48
4590,48
4591,20
4592,20
4593,86
4594,48
4595,86
4596,48
4597,48
4598,62
4599,48
4600,48
4601,48
4602,48
4603,48
4604,48
4605,48
4606,48
4607,20
4608,48
4609,48
4610,48
4611,48
4612,48
4613,48
4614,20
4615,13
4616,48
4617,48
4618,48
4619,48
4620,48
4621,48
4622,48
4623,48
4624,48
4625,48
4626,48
4627,48
4628,48
4629,48
4630,48
4631,48
4632,48
4633,48
4634,48
4635,48
4636,48
4637,58
4638,48
4639,48
4640,58
4641,48
4642,53
4643,48
4644,48
4645,48
4646,48
4647,48
4648,48
4649,48
4650,48
4651,58
4652,48
4653,48
4654,48
4655,16
4656,48
4657,48
4658,48
4659,48
4660,48
4661,48
4662,48
4663,48
4664,53
4665,20
4666,48
4667,48
4668,48
4669,48
4670,48
4671,48
4672,48
4673,48
4674,48
4675,58
4676,48
4677,48
4678,48
4679,86
4680,48
4681,48
4682,48
4683,20
4684,48
4685,48
4686,48
4687,48
4688,48
4689,48
4690,48
4691,13
4692,48
4693,48
4694,48
4695,20
4696,48
4697,48
4698,20
4699,48
4700,48
4701,48
4702,48
4703,48
4704,48
4705,48
4706,48
4707,20
4708,48
4709,48
4710,48
4711,48
4712,48
4713,48
4714,48
4715,48
4716,48
4717,20
4718,48
4719,48
4720,48
4721,48
4722,20
4723,13
4724,48
4725,48
4726,48
4727,48
4728,48
4729,13
4730,48
4731,48
4732,48
4733,48
4734,53
4735,53
4736,48
4737,22
4738,48
4739,48
4740,58
4741,20
4742,48
4743,48
4744,48
4745,48
4746,48
4747,48
4748,48
4749,48
4750,48
4751,48
4752,48
4753,48
4754,48
4755,48
4756,48
4757,48
4758,13
4759,91
4760,48
4761,48
4762,48
4763,62
4764,48
4765,48
4766,48
4767,48
4768,48
4769,53
4770,48
4771,48
4772,48
4773,48
4774,92
4775,48
4776,62
4777,20
4778,48
4779,48
4780,48
4781,48
4782,20
4783,48
4784,48
4785,48
4786,48
4787,48
4788,48
4789,48
4790,48
4791,48
4792,48
4793,48
4794,48
4795,48
4796,20
4797,48
4798,48
4799,20
4800,53
4801,13
4802,48
4803,91
4804,48
4805,13
4806,48
4807,48
4808,48
4809,58
4810,48
4811,48
4812,48
4813,48
4814,48
4815,20
4816,20
4817,48
4818,48
4819,48
4820,48
4821,48
4822,13
4823,58
4824,48
4825,22
4826,48
4827,48
4828,16
4829,53
4830,48
4831,48
4832,61
4833,48
4834,48
4835,48
4836,48
4837,48
4838,48
4839,48
4840,48
4841,20
4842,48
4843,48
4844,48
4845,20
4846,48
4847,53
4848,48
4849,48
4850,48
4851,48
4852,48
4853,48
4854,48
4855,48
4856,48
4857,48
4858,40
4859,48
4860,13
4861,48
4862,48
4863,58
4864,48
4865,48
4866,22
4867,48
4868,48
4869,20
4870,48
4871,48
4872,48
4873,48
4874,48
4875,22
4876,48
4877,48
4878,62
4879,13
4880,48
4881,48
4882,48
4883,48
4884,48
4885,48
4886,48
4887,48
4888,48
4889,48
4890,20
4891,48
4892,48
4893,91
4894,48
4895,48
4896,48
4897,20
4898,20
4899,48
4900,48
4901,48
4902,13
4903,48
4904,48
4905,48
4906,48
4907,48
4908,48
4909,48
4910,53
4911,48
4912,48
4913,48
4914,48
4915,22
4916,91
4917,48
4918,20
4919,48
4920,62
4921,48
4922,48
4923,20
4924,48
4925,48
4926,48
4927,48
4928,48
4929,48
4930,48
4931,48
4932,48
4933,48
4934,48
4935,53
4936,48
4937,48
4938,20
4939,48
4940,20
4941,48
4942,48
4943,48
4944,48
4945,20
4946,48
4947,13
4948,20
4949,48
4950,48
4951,48
4952,20
4953,20
4954,48
4955,48
4956,48
4957,48
4958,48
4959,20
4960,48
4961,48
4962,48
4963,13
4964,48
4965,20
4966,20
4967,91
4968,48
4969,48
4970,48
4971,48
4972,48
4973,48
4974,39
4975,48
4976,48
4977,13
4978,48
4979,48
4980,48
4981,91
4982,48
4983,61
4984,48
4985,48
4986,48
4987,48
4988,48
4989,48
4990,48
4991,48
4992,48
4993,48
4994,48
4995,48
4996,70
4997,48
4998,48
4999,48
5000,48
5001,48
5002,48
5003,48
5004,58
5005,48
5006,91
5007,48
5008,48
5009,48
5010,48
5011,58
5012,48
5013,48
5014,20
5015,92
5016,48
5017,48
5018,53
5019,48
5020,48
5021,48
5022,20
5023,20
5024,91
5025,48
5026,48
5027,48
5028,48
5029,48
5030,48
5031,48
5032,48
5033,48
5034,48
5035,48
5036,62
5037,48
5038,48
5039,91
5040,48
5041,48
5042,48
5043,48
5044,48
5045,48
5046,48
5047,48
5048,48
5049,48
5050,48
5051,20
5052,86
5053,53
5054,48
5055,48
5056,48
5057,48
5058,48
5059,16
5060,48
5061,48
5062,48
5063,48
5064,48
5065,48
5066,48
5067,48
5068,62
5069,48
5070,48
5071,20
5072,48
5073,48
5074,48
5075,48
5076,48
5077,48
5078,48
5079,48
5080,48
5081,48
5082,48
5083,48
5084,48
5085,48
5086,48
5087,48
5088,48
5089,48
5090,48
5091,48
5092,48
5093,20
5094,48
5095,20
5096,48
5097,95
5098,41
5099,48
5100,16
5101,20
5102,48
5103,48
5104,48
5105,48
5106,48
5107,48
5108,58
5109,48
5110,48
5111,48
5112,48
5113,48
5114,48
5115,48
5116,20
5117,48
5118,61
5119,48
5120,13
5121,48
5122,48
5123,48
5124,48
5125,48
5126,20
5127,48
5128,48
5129,48
5130,48
5131,48
5132,48
5133,48
5134,9
5135,48
5136,62
5137,48
5138,48
5139,48
5140,48
5141,48
5142,13
5143,48
5144,48
5145,48
5146,48
5147,48
5148,48
5149,48
5150,61
5151,86
5152,48
5153,48
5154,48
5155,58
5156,48
5157,48
5158,48
5159,48
5160,48
5161,48
5162,13
5163,48
5164,48
5165,48
5166,48
5167,48
5168,20
5169,48
5170,48
5171,20
5172,20
5173,48
5174,48
5175,48
5176,13
5177,48
5178,48
5179,48
5180,48
5181,48
5182,48
5183,48
5184,48
5185,16
5186,20
5187,53
5188,48
5189,48
5190,48
5191,20
5192,91
5193,13
5194,20
5195,48
5196,53
5197,20
5198,48
5199,48
5200,48
5201,48
5202,20
5203,48
5204,20
5205,48
5206,48
5207,48
5208,48
5209,48
5210,48
5211,53
5212,91
5213,48
5214,20
5215,13
5216,48
5217,48
5218,48
5219,48
5220,48
5221,20
5222,48
5223,48
5224,48
5225,13
5226,48
5227,16
5228,48
5229,48
5230,48
5231,48
5232,91
5233,48
5234,20
5235,48
5236,48
5237,48
5238,48
5239,48
5240,53
5241,62
5242,48
5243,48
5244,48
5245,48
5246,20
5247,48
5248,13
5249,48
5250,48
5251,20
5252,48
5253,48
5254,48
5255,48
5256,48
5257,48
5258,48
5259,48
5260,48
5261,48
5262,48
5263,48
5264,62
5265,48
5266,48
5267,62
5268,20
5269,13
5270,20
5271,20
5272,48
5273,48
5274,48
5275,20
5276,48
5277,48
5278,48
5279,48
5280,48
5281,13
5282,48
5283,20
5284,48
5285,48
5286,48
5287,48
5288,48
5289,48
5290,20
5291,48
5292,48
5293,48
5294,48
5295,48
5296,48
5297,48
5298,48
5299,48
5300,48
5301,91
5302,48
5303,58
5304,48
5305,48
5306,16
5307,48
5308,48
5309,20
5310,48
5311,48
5312,48
5313,62
5314,48
5315,48
5316,48
5317,48
5318,61
5319,20
5320,48
5321,48
5322,48
5323,62
5324,20
5325,58
5326,48
5327,48
5328,20
5329,48
5330,48
5331,48
5332,48
5333,48
5334,48
5335,48
5336,48
5337,48
5338,58
5339,48
5340,48
5341,48
5342,48
5343,48
5344,13
5345,48
5346,48
5347,48
5348,48
5349,48
5350,48
5351,48
5352,20
5353,20
5354,48
5355,48
5356,48
5357,48
5358,48
5359,48
5360,48
5361,48
5362,48
5363,48
5364,48
5365,48
5366,48
5367,48
5368,20
5369,61
5370,48
5371,48
5372,48
5373,48
5374,48
5375,48
5376,86
5377,48
5378,48
5379,48
5380,48
5381,48
5382,48
5383,48
5384,91
5385,48
5386,48
5387,48
5388,48
5389,48
5390,48
5391,86
5392,48
5393,48
5394,53
5395,48
5396,48
5397,48
5398,13
5399,48
5400,48
5401,48
5402,20
5403,58
5404,48
5405,48
5406,48
5407,48
5408,48
5409,86
5410,13
5411,48
5412,48
5413,48
5414,48
5415,48
5416,48
5417,91
5418,48
5419,48
5420,48
5421,48
5422,48
5423,48
5424,48
5425,48
5426,48
5427,48
5428,48
5429,48
5430,48
5431,48
5432,48
5433,48
5434,48
5435,48
5436,48
5437,49
5438,48
5439,62
5440,20
5441,48
5442,13
5443,20
5444,86
5445,48
5446,48
5447,48
5448,48
5449,48
5450,48
5451,48
5452,13
5453,48
5454,48
5455,58
5456,91
5457,48
5458,48
5459,20
5460,48
5461,48
5462,48
5463,48
5464,48
5465,58
5466,48
5467,48
5468,91
5469,48
5470,48
5471,48
5472,48
5473,48
5474,48
5475,48
5476,48
5477,13
5478,53
5479,48
5480,48
5481,20
5482,86
5483,86
5484,48
5485,48
5486,48
5487,22
5488,20
5489,53
5490,48
5491,48
5492,48
5493,48
5494,48
5495,48
5496,16
5497,48
5498,48
5499,48
5500,58
5501,48
5502,48
5503,48
5504,48
5505,39
5506,48
5507,48
5508,48
5509,48
5510,48
5511,48
5512,48
5513,48
5514,48
5515,48
5516,48
5517,48
5518,20
5519,48
5520,48
5521,48
5522,20
5523,61
5524,48
5525,13
5526,48
5527,48
5528,48
5529,48
5530,48
5531,13
5532,48
5533,48
5534,48
5535,48
5536,48
5537,48
5538,48
5539,86
5540,48
5541,48
5542,13
5543,53
5544,48
5545,48
5546,48
5547,48
5548,48
5549,48
5550,48
5551,20
5552,48
5553,13
5554,48
5555,48
5556,48
5557,48
5558,48
5559,20
5560,48
5561,91
5562,48
5563,48
5564,48
5565,48
5566,48
5567,20
5568,48
5569,48
5570,48
5571,48
5572,48
5573,48
5574,48
5575,48
5576,22
5577,48
5578,48
5579,48
5580,48
5581,13
5582,48
5583,48
5584,48
5585,58
5586,92
5587,48
5588,48
5589,48
5590,48
5591,48
5592,48
5593,48
5594,48
5595,48
5596,48
5597,53
5598,48
5599,20
5600,48
5601,48
5602,48
5603,48
5604,48
5605,48
5606,48
5607,48
5608,20
5609,48
5610,48
5611,48
5612,48
5613,48
5614,48
5615,48
5616,48
5617,48
5618,48
5619,48
5620,13
5621,48
5622,48
5623,48
5624,48
5625,48
5626,48
5627,48
5628,48
5629,48
5630,48
5631,48
5632,48
5633,48
5634,48
5635,48
5636,48
5637,48
5638,48
5639,48
5640,91
5641,39
5642,48
5643,53
5644,48
5645,48
5646,48
5647,48
5648,48
5649,48
5650,48
5651,48
5652,20
5653,48
5654,48
5655,48
5656,20
5657,91
5658,48
5659,48
5660,48
5661,58
5662,48
5663,48
5664,48
5665,48
5666,48
5667,62
5668,48
5669,13
5670,48
5671,48
5672,48
5673,20
5674,91
5675,48
5676,48
5677,20
5678,48
5679,48
5680,48
5681,48
5682,48
5683,48
5684,48
5685,48
5686,20
5687,48
5688,48
5689,48
5690,48
5691,48
5692,48
5693,48
5694,48
5695,48
5696,48
5697,48
5698,48
5699,20
5700,48
5701,48
5702,48
5703,13
5704,53
5705,20
5706,48
5707,48
5708,48
5709,48
5710,48
5711,48
5712,48
5713,48
5714,48
5715,48
5716,41
5717,48
5718,48
5719,13
5720,92
5721,62
5722,48
5723,48
5724,20
5725,48
5726,48
5727,48
5728,48
5729,91
5730,48
5731,48
5732,48
5733,13
5734,91
5735,48
5736,48
5737,48
5738,48
5739,48
5740,13
5741,48
5742,48
5743,13
5744,48
5745,48
5746,48
5747,48
5748,48
5749,13
5750,53
5751,48
5752,48
5753,48
5754,48
5755,48
5756,48
5757,48
5758,53
5759,48
5760,48
5761,48
5762,48
5763,13
5764,48
5765,48
5766,92
5767,48
5768,13
5769,48
5770,48
5771,20
5772,48
5773,62
5774,48
5775,48
5776,48
5777,91
5778,48
5779,48
5780,48
5781,48
5782,48
5783,48
5784,48
5785,48
5786,48
5787,48
5788,48
5789,48
5790,48
5791,48
5792,48
5793,91
5794,48
5795,20
5796,13
5797,48
5798,48
5799,20
5800,48
5801,48
5802,48
5803,48
5804,20
5805,48
5806,48
5807,13
5808,48
5809,48
5810,48
5811,48
5812,48
5813,48
5814,48
5815,48
5816,91
5817,48
5818,48
5819,49
5820,48
5821,48
5822,48
5823,48
5824,48
5825,13
5826,48
5827,13
5828,48
5829,91
5830,48
5831,48
5832,48
5833,48
5834,48
5835,91
5836,48
5837,20
5838,48
5839,48
5840,22
5841,48
5842,48
5843,48
5844,48
5845,16
5846,48
5847,48
5848,48
5849,48
5850,48
5851,48
5852,48
5853,48
5854,48
5855,48
5856,48
5857,48
5858,48
5859,48
5860,48
5861,48
5862,48
5863,53
5864,91
5865,20
5866,48
5867,48
5868,48
5869,58
5870,48
5871,58
5872,48
5873,48
5874,48
5875,91
5876,48
5877,48
5878,20
5879,48
5880,48
5881,48
5882,48
5883,48
5884,48
5885,58
5886,58
5887,48
5888,20
5889,48
5890,48
5891,48
5892,48
5893,13
5894,20
5895,48
5896,48
5897,48
5898,48
5899,48
5900,48
5901,48
5902,48
5903,48
5904,48
5905,48
5906,48
5907,48
5908,48
5909,48
5910,48
5911,48
5912,48
5913,48
5914,48
5915,48
5916,48
5917,48
5918,91
5919,48
5920,48
5921,92
5922,48
5923,48
5924,48
5925,48
5926,48
5927,20
5928,48
5929,48
5930,86
5931,48
5932,48
5933,20
5934,48
5935,48
5936,48
5937,48
5938,48
5939,53
5940,48
5941,53
5942,20
5943,48
5944,48
5945,48
5946,48
5947,48
5948,48
5949,48
5950,48
5951,91
5952,13
5953,20
5954,58
5955,48
5956,48
5957,48
5958,48
5959,48
5960,48
5961,48
5962,48
5963,48
5964,48
5965,91
5966,70
5967,48
5968,48
5969,48
5970,48
5971,48
5972,48
5973,48
5974,48
5975,48
5976,13
5977,13
5978,48
5979,48
5980,48
5981,48
5982,48
5983,48
5984,48
5985,48
5986,48
5987,48
5988,48
5989,48
5990,20
5991,48
5992,91
5993,48
5994,48
5995,20
5996,48
5997,13
5998,48
5999,13
6000,48
6001,22
6002,48
6003,20
6004,48
6005,48
6006,48
6007,48
6008,48
6009,20
6010,48
6011,48
6012,48
6013,48
6014,48
6015,48
6016,48
6017,48
6018,20
6019,20
6020,20
6021,48
6022,48
6023,48
6024,48
6025,92
6026,13
6027,48
6028,48
6029,48
6030,48
6031,53
6032,48
6033,48
6034,48
6035,48
6036,20
6037,48
6038,48
6039,48
6040,48
6041,48
6042,48
6043,48
6044,48
6045,48
6046,20
6047,48
6048,58
6049,48
6050,48
6051,48
6052,48
6053,48
6054,48
6055,48
6056,20
6057,16
6058,48
6059,20
6060,48
6061,58
6062,48
6063,48
6064,48
6065,48
6066,48
6067,48
6068,48
6069,48
6070,48
6071,62
6072,48
6073,20
6074,48
6075,91
6076,48
6077,48
6078,48
6079,20
6080,48
6081,48
6082,20
6083,91
6084,91
6085,48
6086,48
6087,48
6088,48
6089,48
6090,48
6091,48
6092,48
6093,48
6094,48
6095,20
6096,48
6097,48
6098,13
6099,48
6100,48
6101,48
6102,48
6103,48
6104,48
6105,48
6106,48
6107,62
6108,62
6109,48
6110,48
6111,48
6112,24
6113,48
6114,62
6115,48
6116,48
6117,48
6118,48
6119,48
6120,13
6121,48
6122,48
6123,48
6124,48
6125,48
6126,48
6127,48
6128,48
6129,20
6130,48
6131,48
6132,48
6133,48
6134,48
6135,48
6136,48
6137,13
6138,48
6139,86
6140,48
6141,48
6142,48
6143,48
6144,48
6145,48
6146,48
6147,48
6148,48
6149,48
6150,48
6151,48
6152,48
6153,48
6154,48
6155,48
6156,48
6157,48
6158,48
6159,48
6160,48
6161,48
6162,48
6163,48
6164,48
6165,20
6166,48
6167,48
6168,48
6169,48
6170,20
6171,48
6172,48
6173,20
6174,48
6175,48
6176,48
6177,48
6178,58
6179,48
6180,48
6181,48
6182,48
6183,58
6184,20
6185,48
6186,48
6187,48
6188,20
6189,48
6190,48
6191,13
6192,48
6193,48
6194,48
6195,48
6196,48
6197,48
6198,48
6199,20
6200,48
6201,48
6202,48
6203,48
6204,48
6205,48
6206,58
6207,48
6208,20
6209,48
6210,48
6211,48
6212,20
6213,48
6214,48
6215,48
6216,20
6217,86
6218,13
6219,48
6220,13
6221,48
6222,48
6223,48
6224,48
6225,48
6226,48
6227,48
6228,48
6229,48
6230,48
6231,48
6232,48
6233,48
6234,20
6235,13
6236,48
6237,48
6238,48
6239,48
6240,20
6241,48
6242,48
6243,48
6244,48
6245,48
6246,48
6247,48
6248,20
6249,48
6250,20
6251,48
6252,48
6253,48
6254,48
6255,48
6256,48
6257,48
6258,48
6259,39
6260,48
6261,62
6262,48
6263,48
6264,48
6265,48
6266,48
6267,48
6268,48
6269,20
6270,48
6271,91
6272,48
6273,48
6274,48
6275,91
6276,86
6277,61
6278,48
6279,48
6280,48
6281,48
6282,48
6283,91
6284,86
6285,22
6286,22
6287,20
6288,61
6289,48
6290,48
6291,48
6292,48
6293,48
6294,48
6295,48
6296,48
6297,48
6298,48
6299,13
6300,48
6301,48
6302,48
6303,48
6304,86
6305,48
6306,48
6307,48
6308,48
6309,48
6310,48
6311,48
6312,48
6313,48
6314,48
6315,13
6316,53
6317,48
6318,13
6319,48
6320,48
6321,48
6322,48
6323,48
6324,16
6325,86
6326,48
6327,48
6328,48
6329,48
6330,48
6331,13
6332,13
6333,48
6334,48
6335,48
6336,48
6337,20
6338,48
6339,48
6340,48
6341,20
6342,86
6343,48
6344,48
6345,20
6346,48
6347,48
6348,48
6349,48
6350,48
6351,48
6352,70
6353,48
6354,58
6355,48
6356,48
6357,48
6358,62
6359,48
6360,48
6361,48
6362,48
6363,48
6364,48
6365,48
6366,48
6367,86
6368,13
6369,48
6370,48
6371,20
6372,48
6373,48
6374,13
6375,48
6376,58
6377,48
6378,48
6379,58
6380,48
6381,58
6382,48
6383,48
6384,58
6385,48
6386,20
6387,48
6388,58
6389,48
6390,13
6391,22
6392,91
6393,48
6394,20
6395,48
6396,48
6397,48
6398,48
6399,20
6400,48
6401,48
6402,48
6403,48
6404,53
6405,48
6406,58
6407,58
6408,48
6409,48
6410,48
6411,48
6412,48
6413,48
6414,48
6415,48
6416,58
6417,48
6418,48
6419,48
6420,48
6421,58
6422,48
6423,13
6424,48
6425,13
6426,48
6427,48
6428,91
6429,48
6430,13
6431,48
6432,48
6433,48
6434,48
6435,48
6436,48
6437,48
6438,48
6439,48
6440,48
6441,48
6442,48
6443,48
6444,48
6445,48
6446,48
6447,48
6448,48
6449,48
6450,48
6451,91
6452,48
6453,48
6454,20
6455,48
6456,48
6457,20
6458,48
6459,48
6460,48
6461,20
6462,48
6463,48
6464,48
6465,62
6466,54
6467,48
6468,48
6469,48
6470,48
6471,48
6472,20
6473,48
6474,48
6475,48
6476,48
6477,48
6478,13
6479,48
6480,48
6481,13
6482,48
6483,48
6484,48
6485,48
6486,48
6487,48
6488,48
6489,20
6490,48
6491,48
6492,48
6493,48
6494,48
6495,20
6496,53
6497,48
6498,48
6499,48
6500,48
6501,62
6502,39
6503,48
6504,48
6505,48
6506,48
6507,53
6508,48
6509,48
6510,53
6511,48
6512,13
6513,13
6514,48
6515,48
6516,48
6517,58
6518,22
6519,48
6520,48
6521,48
6522,48
6523,20
6524,48
6525,48
6526,61
6527,48
6528,48
6529,48
6530,48
6531,92
6532,48
6533,53
6534,48
6535,62
6536,48
6537,48
6538,48
6539,48
6540,48
6541,48
6542,48
6543,48
6544,48
6545,48
6546,48
6547,58
6548,48
6549,48
6550,48
6551,48
6552,48
6553,48
6554,48
6555,48
6556,48
6557,20
6558,48
6559,20
6560,48
6561,48
6562,48
6563,91
6564,48
6565,48
6566,48
6567,48
6568,16
6569,48
6570,48
6571,20
6572,53
6573,48
6574,48
6575,48
6576,48
6577,48
6578,61
6579,48
6580,48
6581,48
6582,48
6583,48
6584,48
6585,48
6586,13
6587,48
6588,48
6589,20
6590,53
6591,20
6592,48
6593,13
6594,48
6595,48
6596,48
6597,20
6598,48
6599,48
6600,48
6601,48
6602,20
6603,48
6604,48
6605,48
6606,48
6607,48
6608,48
6609,48
6610,48
6611,48
6612,48
6613,48
6614,13
6615,48
6616,48
6617,48
6618,48
6619,48
6620,48
6621,91
6622,48
6623,48
6624,48
6625,48
6626,48
6627,20
6628,48
6629,48
6630,48
6631,48
6632,13
6633,48
6634,48
6635,91
6636,48
6637,20
6638,48
6639,48
6640,48
6641,48
6642,48
6643,48
6644,48
6645,48
6646,48
6647,48
6648,48
6649,48
6650,62
6651,48
6652,48
6653,48
6654,48
6655,48
6656,20
6657,48
6658,48
6659,48
6660,48
6661,53
6662,48
6663,48
6664,48
6665,48
6666,48
6667,48
6668,48
6669,48
6670,20
6671,53
6672,48
6673,58
6674,48
6675,48
6676,48
6677,48
6678,48
6679,48
6680,48
6681,48
6682,20
6683,48
6684,48
6685,48
6686,48
6687,58
6688,48
6689,48
6690,20
6691,58
6692,48
6693,62
6694,13
6695,48
6696,13
6697,48
6698,20
6699,48
6700,48
6701,48
6702,48
6703,48
6704,48
6705,48
6706,48
6707,48
6708,58
6709,48
6710,48
6711,48
6712,48
6713,48
6714,48
6715,48
6716,48
6717,13
6718,48
6719,48
6720,48
6721,48
6722,48
6723,48
6724,48
6725,48
6726,48
6727,48
6728,48
6729,48
6730,48
6731,48
6732,48
6733,48
6734,48
6735,48
6736,48
6737,48
6738,48
6739,62
6740,48
6741,48
6742,48
6743,48
6744,48
6745,13
6746,48
6747,20
6748,20
6749,53
6750,48
6751,48
6752,48
6753,48
6754,48
6755,13
6756,48
6757,48
6758,48
6759,48
6760,39
6761,53
6762,58
6763,48
6764,48
6765,48
6766,48
6767,48
6768,13
6769,91
6770,48
6771,48
6772,48
6773,48
6774,48
6775,48
6776,48
6777,61
6778,58
6779,48
6780,48
6781,20
6782,48
6783,48
6784,48
6785,48
6786,48
6787,48
6788,13
6789,48
6790,48
6791,39
6792,48
6793,48
6794,48
6795,48
6796,48
6797,20
6798,20
6799,48
6800,48
6801,48
6802,48
6803,48
6804,48
6805,62
6806,20
6807,48
6808,48
6809,13
6810,48
6811,48
6812,58
6813,48
6814,48
6815,48
6816,48
6817,48
6818,48
6819,48
6820,48
6821,48
6822,48
6823,48
6824,48
6825,13
6826,20
6827,48
6828,48
6829,48
6830,48
6831,48
6832,48
6833,48
6834,48
6835,48
6836,48
6837,48
6838,48
6839,48
6840,13
6841,48
6842,48
6843,48
6844,48
6845,48
6846,48
6847,48
6848,48
6849,48
6850,20
6851,58
6852,48
6853,48
6854,61
6855,48
6856,48
6857,58
6858,48
6859,58
6860,48
6861,62
6862,48
6863,48
6864,91
6865,48
6866,48
6867,48
6868,48
6869,48
6870,91
6871,48
6872,48
6873,48
6874,13
6875,48
6876,48
6877,48
6878,53
6879,48
6880,48
6881,48
6882,48
6883,48
6884,48
6885,48
6886,20
6887,48
6888,48
6889,48
6890,48
6891,48
6892,48
6893,48
6894,48
6895,53
6896,48
6897,48
6898,48
6899,48
6900,48
6901,48
6902,48
6903,48
6904,48
6905,48
6906,48
6907,13
6908,53
6909,48
6910,20
6911,48
6912,48
6913,48
6914,48
6915,48
6916,48
6917,48
6918,48
6919,48
6920,48
6921,48
6922,48
6923,48
6924,48
6925,48
6926,48
6927,48
6928,48
6929,58
6930,48
6931,41
6932,16
6933,48
6934,48
6935,48
6936,48
6937,48
6938,48
6939,48
6940,48
6941,48
6942,20
6943,13
6944,48
6945,20
6946,48
6947,48
6948,48
6949,48
6950,48
6951,48
6952,48
6953,20
6954,48
6955,48
6956,48
6957,62
6958,48
6959,20
6960,20
6961,48
6962,48
6963,20
6964,48
6965,48
6966,13
6967,48
6968,48
6969,48
6970,48
6971,48
6972,48
6973,48
6974,61
6975,41
6976,48
6977,20
6978,48
6979,48
6980,48
6981,48
6982,48
6983,48
6984,48
6985,48
6986,48
6987,48
6988,20
6989,48
6990,48
6991,48
6992,62
6993,48
6994,48
6995,48
6996,48
6997,48
6998,48
6999,48
7000,48
7001,48
7002,48
7003,48
7004,48
7005,13
7006,48
7007,41
7008,48
7009,48
7010,48
7011,48
7012,48
7013,48
7014,48
7015,48
7016,48
7017,13
7018,48
7019,48
7020,48
7021,53
7022,48
7023,48
7024,20
7025,48
7026,48
7027,48
7028,48
7029,48
7030,48
7031,48
7032,48
7033,48
7034,48
7035,20
7036,48
7037,48
7038,48
7039,20
7040,48
7041,48
7042,20
7043,48
7044,48
7045,48
7046,48
7047,48
7048,91
7049,48
7050,48
7051,48
7052,48
7053,48
7054,48
7055,53
7056,48
7057,58
7058,48
7059,48
7060,48
7061,48
7062,48
7063,48
7064,48
7065,48
7066,48
7067,20
7068,48
7069,48
7070,48
7071,48
7072,48
7073,48
7074,20
7075,20
7076,48
7077,62
7078,48
7079,13
7080,16
7081,48
7082,20
7083,48
7084,48
7085,48
7086,48
7087,48
7088,48
7089,48
7090,53
7091,48
7092,48
7093,48
7094,48
7095,20
7096,48
7097,92
7098,91
7099,48
7100,91
7101,48
7102,48
7103,86
7104,48
7105,53
7106,48
7107,58
7108,13
7109,48
7110,48
7111,48
7112,86
7113,48
7114,48
7115,48
7116,48
7117,48
7118,62
7119,48
7120,48
7121,48
7122,48
7123,20
7124,48
7125,48
7126,48
7127,48
7128,22
7129,48
7130,48
7131,48
7132,48
7133,91
7134,48
7135,48
7136,11
7137,48
7138,48
7139,48
7140,48
7141,86
7142,48
7143,48
7144,48
7145,48
7146,48
7147,48
7148,48
7149,48
7150,70
7151,91
7152,48
7153,13
7154,48
7155,48
7156,48
7157,48
7158,48
7159,48
7160,48
7161,48
7162,48
7163,48
7164,48
7165,20
7166,48
7167,48
7168,48
7169,48
7170,48
7171,13
7172,48
7173,62
7174,48
7175,48
7176,48
7177,48
7178,91
7179,48
7180,20
7181,48
7182,48
7183,48
7184,48
7185,48
7186,48
7187,48
7188,48
7189,48
7190,20
7191,48
7192,86
7193,39
7194,48
7195,13
7196,62
7197,48
7198,48
7199,48
7200,48
7201,13
7202,48
7203,48
7204,20
7205,48
7206,48
7207,48
7208,48
7209,48
7210,48
7211,48
7212,49
7213,20
7214,53
7215,48
7216,20
7217,39
7218,48
7219,48
7220,48
7221,16
7222,13
7223,48
7224,13
7225,48
7226,22
7227,48
7228,48
7229,48
7230,48
7231,48
7232,48
7233,48
7234,48
7235,48
7236,48
7237,48
7238,48
7239,48
7240,48
7241,48
7242,48
7243,48
7244,48
7245,86
7246,48
7247,48
7248,48
7249,48
7250,48
7251,48
7252,48
7253,48
7254,20
7255,48
7256,48
7257,48
7258,48
7259,48
7260,48
7261,48
7262,48
7263,39
7264,20
7265,48
7266,48
7267,48
7268,48
7269,48
7270,48
7271,48
7272,48
7273,13
7274,48
7275,48
7276,48
7277,20
7278,48
7279,48
7280,13
7281,48
7282,48
7283,48
7284,48
7285,48
7286,48
7287,48
7288,91
7289,48
7290,62
7291,48
7292,48
7293,48
7294,48
7295,48
7296,48
7297,48
7298,48
7299,48
7300,48
7301,48
7302,48
7303,13
7304,48
7305,58
7306,48
7307,61
7308,48
7309,48
7310,48
7311,48
7312,48
7313,48
7314,48
7315,48
7316,91
7317,48
7318,20
7319,48
7320,48
7321,48
7322,61
7323,48
7324,48
7325,48
7326,92
7327,86
7328,48
7329,58
7330,53
7331,48
7332,20
7333,48
7334,48
7335,48
7336,20
7337,13
7338,48
7339,48
7340,20
7341,86
7342,48
7343,48
7344,48
7345,22
7346,48
7347,48
7348,91
7349,13
7350,9
7351,48
7352,48
7353,48
7354,48
7355,48
7356,48
7357,48
7358,20
7359,48
7360,48
7361,48
7362,48
7363,13
7364,48
7365,48
7366,48
7367,48
7368,48
7369,48
7370,48
7371,62
7372,48
7373,48
7374,48
7375,48
7376,48
7377,48
7378,22
7379,48
7380,48
7381,20
7382,13
7383,48
7384,48
7385,48
7386,48
7387,48
7388,48
7389,48
7390,48
7391,48
7392,48
7393,48
7394,48
7395,48
7396,62
7397,58
7398,58
7399,48
7400,58
7401,48
7402,20
7403,48
7404,48
7405,20
7406,58
7407,48
7408,48
7409,48
7410,48
7411,48
7412,48
7413,20
7414,48
7415,20
7416,48
7417,48
7418,48
7419,48
7420,48
7421,48
7422,48
7423,20
7424,48
7425,48
7426,48
7427,48
7428,48
7429,48
7430,48
7431,20
7432,48
7433,48
7434,48
7435,48
7436,48
7437,16
7438,48
7439,48
7440,48
7441,48
7442,48
7443,48
7444,48
7445,48
7446,62
7447,48
7448,20
7449,48
7450,48
7451,62
7452,91
7453,48
7454,48
7455,48
7456,48
7457,48
7458,20
7459,48
7460,48
7461,13
7462,13
7463,48
7464,48
7465,48
7466,20
7467,48
7468,48
7469,16
7470,48
7471,48
7472,48
7473,48
7474,48
7475,48
7476,48
7477,48
7478,48
7479,20
7480,48
7481,48
7482,48
7483,48
7484,91
7485,48
7486,48
7487,48
7488,39
7489,48
7490,48
7491,48
7492,49
7493,48
7494,48
7495,48
7496,48
7497,20
7498,58
7499,48
7500,48
7501,22
7502,48
7503,48
7504,48
7505,48
7506,48
7507,86
7508,48
7509,13
7510,48
7511,48
7512,48
7513,48
7514,20
7515,48
7516,48
7517,48
7518,48
7519,48
7520,48
7521,48
7522,20
7523,20
7524,48
7525,48
7526,13
7527,48
7528,13
7529,48
7530,48
7531,48
7532,71
7533,48
7534,48
7535,13
7536,48
7537,62
7538,58
7539,48
7540,48
7541,48
7542,20
7543,48
7544,48
7545,13
7546,20
7547,48
7548,13
7549,20
7550,48
7551,48
7552,53
7553,48
7554,20
7555,48
7556,48
7557,16
7558,48
7559,48
7560,48
7561,48
7562,13
7563,48
7564,20
7565,62
7566,91
7567,48
7568,48
7569,48
7570,48
7571,20
7572,48
7573,48
7574,20
7575,48
7576,48
7577,48
7578,48
7579,48
7580,48
7581,48
7582,48
7583,48
7584,48
7585,48
7586,48
7587,48
7588,48
7589,48
7590,48
7591,48
7592,48
7593,48
7594,48
7595,48
7596,48
7597,48
7598,48
7599,48
7600,48
7601,48
7602,62
7603,48
7604,48
7605,53
7606,53
7607,13
7608,48
7609,48
7610,48
7611,13
7612,48
7613,48
7614,48
7615,48
7616,48
7617,48
7618,48
7619,48
7620,48
7621,48
7622,48
7623,48
7624,48
7625,20
7626,20
7627,48
7628,48
7629,48
7630,48
7631,48
7632,48
7633,20
7634,48
7635,48
7636,48
7637,13
7638,48
7639,48
7640,48
7641,86
7642,48
7643,48
7644,48
7645,48
7646,48
7647,48
7648,48
7649,48
7650,48
7651,48
7652,48
7653,48
7654,48
7655,58
7656,48
7657,48
7658,49
7659,13
7660,58
7661,48
7662,48
7663,53
7664,48
7665,48
7666,48
7667,48
7668,61
7669,48
7670,48
7671,48
7672,48
7673,48
7674,48
7675,48
7676,48
7677,48
7678,48
7679,48
7680,48
7681,48
7682,48
7683,48
7684,48
7685,48
7686,48
7687,48
7688,48
7689,48
7690,20
7691,48
7692,48
7693,48
7694,48
7695,48
7696,20
7697,48
7698,13
7699,20
7700,20
7701,20
7702,48
7703,91
7704,20
7705,48
7706,48
7707,48
7708,48
7709,13
7710,48
7711,48
7712,53
7713,48
7714,48
7715,48
7716,48
7717,20
7718,48
7719,48
7720,48
7721,48
7722,48
7723,48
7724,48
7725,48
7726,48
7727,48
7728,48
7729,48
7730,41
7731,48
7732,20
7733,48
7734,48
7735,48
7736,48
7737,48
7738,48
7739,48
7740,48
7741,48
7742,48
7743,48
7744,48
7745,48
7746,20
7747,48
7748,13
7749,58
7750,48
7751,48
7752,48
7753,48
7754,48
7755,48
7756,48
7757,48
7758,48
7759,48
7760,48
7761,48
7762,20
7763,48
7764,48
7765,16
7766,48
7767,48
7768,48
7769,48
7770,53
7771,13
7772,48
7773,48
7774,48
7775,48
7776,48
7777,20
7778,48
7779,48
7780,48
7781,39
7782,48
7783,48
7784,91
7785,48
7786,48
7787,48
7788,20
7789,48
7790,48
7791,20
7792,48
7793,48
7794,91
7795,48
7796,48
7797,22
7798,20
7799,48
7800,48
7801,48
7802,62
7803,48
7804,58
7805,20
7806,48
7807,20
7808,48
7809,48
7810,48
7811,48
7812,48
7813,48
7814,48
7815,48
7816,48
7817,48
7818,48
7819,48
7820,20
7821,48
7822,48
7823,13
7824,20
7825,48
7826,48
7827,48
7828,16
7829,48
7830,48
7831,13
7832,48
7833,48
7834,62
7835,48
7836,91
7837,13
7838,48
7839,48
7840,48
7841,48
7842,48
7843,20
7844,62
7845,58
7846,48
7847,48
7848,48
7849,22
7850,20
7851,61
7852,92
7853,48
7854,48
7855,48
7856,48
7857,48
7858,48
7859,48
7860,48
7861,48
7862,48
7863,48
7864,48
7865,48
7866,48
7867,48
7868,48
7869,20
7870,48
7871,48
7872,91
7873,48
7874,48
7875,48
7876,48
7877,48
7878,48
7879,48
7880,48
7881,48
7882,48
7883,20
7884,48
7885,48
7886,91
7887,48
7888,48
7889,13
7890,20
7891,48
7892,61
7893,48
7894,48
7895,48
7896,48
7897,48
7898,48
7899,20
7900,48
7901,20
7902,48
7903,48
7904,48
7905,48
7906,48
7907,48
7908,20
7909,48
7910,20
7911,48
7912,48
7913,48
7914,48
7915,22
7916,48
7917,20
7918,48
7919,48
7920,48
7921,13
7922,62
7923,20
7924,48
7925,48
7926,48
7927,48
7928,20
7929,48
7930,48
7931,20
7932,48
7933,13
7934,48
7935,48
7936,48
7937,91
7938,48
7939,24
7940,48
7941,41
7942,48
7943,48
7944,48
7945,48
7946,48
7947,48
7948,48
7949,48
7950,48
7951,48
7952,48
7953,20
7954,13
7955,48
7956,13
7957,48
7958,48
7959,48
7960,48
7961,48
7962,48
7963,48
7964,48
7965,48
7966,48
7967,20
7968,48
7969,48
7970,20
7971,20
7972,48
7973,48
7974,48
7975,48
7976,48
7977,20
7978,48
7979,48
7980,48
7981,48
7982,13
7983,48
7984,48
7985,58
7986,48
7987,48
7988,48
7989,48
7990,48
7991,48
7992,13
7993,48
7994,91
7995,13
7996,92
7997,48
7998,20
7999,48
8000,48
8001,48
8002,48
8003,20
8004,92
8005,48
8006,53
8007,48
8008,48
8009,48
8010,48
8011,48
8012,48
8013,48
8014,58
8015,48
8016,48
8017,48
8018,48
8019,48
8020,48
8021,48
8022,58
8023,48
8024,91
8025,48
8026,48
8027,48
8028,48
8029,48
8030,48
8031,48
8032,48
8033,20
8034,91
8035,20
8036,62
8037,48
8038,48
8039,13
8040,20
8041,48
8042,48
8043,91
8044,20
8045,58
8046,48
8047,48
8048,48
8049,48
8050,48
8051,48
8052,20
8053,48
8054,48
8055,20
8056,48
8057,48
8058,48
8059,48
8060,48
8061,48
8062,48
8063,48
8064,48
8065,48
8066,48
8067,13
8068,48
8069,48
8070,48
8071,13
8072,13
8073,48
8074,48
8075,13
8076,48
8077,13
8078,20
8079,48
8080,58
8081,20
8082,48
8083,48
8084,48
8085,48
8086,48
8087,48
8088,20
8089,48
8090,20
8091,48
8092,48
8093,48
8094,48
8095,48
8096,48
8097,13
8098,48
8099,48
8100,48
8101,48
8102,48
8103,48
8104,48
8105,48
8106,48
8107,48
8108,48
8109,48
8110,20
8111,13
8112,48
8113,86
8114,20
8115,48
8116,48
8117,48
8118,13
8119,48
8120,48
8121,48
8122,48
8123,20
8124,48
8125,48
8126,39
8127,48
8128,48
8129,91
8130,48
8131,48
8132,48
8133,48
8134,48
8135,48
8136,48
8137,48
8138,48
8139,20
8140,48
8141,48
8142,48
8143,48
8144,48
8145,48
8146,48
8147,48
8148,48
8149,48
8150,48
8151,20
8152,48
8153,48
8154,48
8155,58
8156,48
8157,53
8158,48
8159,48
8160,20
8161,16
8162,48
8163,13
8164,48
8165,48
8166,48
8167,53
8168,48
8169,48
8170,11
8171,48
8172,39
8173,20
8174,41
8175,48
8176,48
8177,48
8178,48
8179,48
8180,48
8181,16
8182,48
8183,48
8184,20
8185,48
8186,48
8187,48
8188,48
8189,48
8190,20
8191,48
8192,48
8193,48
8194,48
8195,48
8196,20
8197,62
8198,48
8199,48
8200,48
8201,48
8202,48
8203,48
8204,48
8205,48
8206,20
8207,20
8208,48
8209,48
8210,48
8211,48
8212,48
8213,48
8214,48
8215,20
8216,48
8217,48
8218,48
8219,48
8220,13
8221,92
8222,48
8223,48
8224,48
8225,48
8226,48
8227,22
8228,48
8229,48
8230,48
8231,91
8232,48
8233,48
8234,48
8235,48
8236,13
8237,48
8238,48
8239,48
8240,48
8241,48
8242,48
8243,48
8244,48
8245,86
8246,48
8247,48
8248,20
8249,48
8250,53
8251,48
8252,48
8253,48
8254,92
8255,48
8256,48
8257,48
8258,48
8259,48
8260,48
8261,48
8262,48
8263,48
8264,20
8265,48
8266,48
8267,48
8268,48
8269,48
8270,48
8271,48
8272,20
8273,48
8274,48
8275,48
8276,48
8277,48
8278,48
8279,48
8280,22
8281,48
8282,48
8283,48
8284,48
8285,48
8286,48
8287,20
8288,48
8289,48
8290,20
8291,48
8292,13
8293,48
8294,48
8295,48
8296,20
8297,53
8298,48
8299,48
8300,48
8301,48
8302,48
8303,48
8304,20
8305,48
8306,48
8307,48
8308,13
8309,20
8310,48
8311,48
8312,48
8313,48
8314,41
8315,48
8316,48
8317,13
8318,48
8319,20
8320,48
8321,48
8322,48
8323,20
8324,48
8325,48
8326,48
8327,48
8328,48
8329,48
8330,48
8331,48
8332,48
8333,48
8334,48
8335,48
8336,20
8337,48
8338,48
8339,48
8340,20
8341,48
8342,48
8343,48
8344,48
8345,48
8346,48
8347,48
8348,48
8349,48
8350,20
8351,48
8352,92
8353,13
8354,48
8355,48
8356,41
8357,91
8358,48
8359,20
8360,48
8361,48
8362,48
8363,48
8364,48
8365,48
8366,48
8367,48
8368,48
8369,48
8370,48
8371,48
8372,86
8373,62
8374,48
8375,48
8376,48
8377,48
8378,13
8379,48
8380,62
8381,48
8382,48
8383,48
8384,48
8385,48
8386,48
8387,48
8388,48
8389,53
8390,13
8391,48
8392,48
8393,48
8394,48
8395,9
8396,48
8397,48
8398,48
8399,48
8400,48
8401,48
8402,22
8403,48
8404,48
8405,48
8406,48
8407,48
8408,48
8409,48
8410,48
8411,48
8412,48
8413,48
8414,20
8415,48
8416,16
8417,48
8418,48
8419,48
8420,48
8421,58
8422,22
8423,92
8424,48
8425,48
8426,48
8427,62
8428,20
8429,48
8430,48
8431,48
8432,48
8433,48
8434,20
8435,48
8436,48
8437,48
8438,48
8439,48
8440,48
8441,48
8442,48
8443,48
8444,20
8445,48
8446,53
8447,48
8448,48
8449,48
8450,91
8451,48
8452,48
8453,48
8454,48
8455,48
8456,48
8457,48
8458,48
8459,62
8460,13
8461,48
8462,48
8463,48
8464,48
8465,48
8466,62
8467,48
8468,48
8469,48
8470,48
8471,48
8472,61
8473,48
8474,48
8475,48
8476,48
8477,48
8478,48
8479,20
8480,48
8481,48
8482,91
8483,48
8484,48
8485,48
8486,20
8487,48
8488,48
8489,48
8490,53
8491,48
8492,58
8493,58
8494,48
8495,62
8496,54
8497,48
8498,48
8499,48
8500,48
8501,48
8502,48
8503,48
8504,48
8505,48
8506,48
8507,48
8508,48
8509,48
8510,20
8511,48
8512,58
8513,48
8514,20
8515,48
8516,48
8517,48
8518,48
8519,48
8520,48
8521,48
8522,20
8523,58
8524,48
8525,48
8526,48
8527,16
8528,48
8529,16
8530,20
8531,48
8532,48
8533,13
8534,48
8535,48
8536,48
8537,41
8538,48
8539,48
8540,48
8541,91
8542,48
8543,48
8544,48
8545,48
8546,48
8547,48
8548,48
8549,48
8550,48
8551,48
8552,48
8553,13
8554,48
8555,48
8556,20
8557,41
8558,48
8559,48
8560,13
8561,48
8562,48
8563,48
8564,48
8565,13
8566,48
8567,91
8568,48
8569,48
8570,48
8571,48
8572,48
8573,48
8574,48
8575,48
8576,48
8577,48
8578,58
8579,20
8580,58
8581,48
8582,48
8583,48
8584,48
8585,48
8586,48
8587,58
8588,48
8589,16
8590,48
8591,13
8592,20
8593,48
8594,61
8595,48
8596,48
8597,48
8598,48
8599,48
8600,13
8601,48
8602,48
8603,48
8604,70
8605,48
8606,48
8607,48
8608,48
8609,48
8610,48
8611,48
8612,48
8613,39
8614,48
8615,48
8616,48
8617,48
8618,48
8619,48
8620,48
8621,48
8622,48
8623,13
8624,48
8625,48
8626,48
8627,48
8628,48
8629,48
8630,48
8631,48
8632,48
8633,48
8634,48
8635,48
8636,20
8637,48
8638,48
8639,20
8640,48
8641,20
8642,48
8643,48
8644,48
8645,48
8646,48
8647,48
8648,48
8649,48
8650,48
8651,48
8652,48
8653,48
8654,48
8655,62
8656,20
8657,48
8658,20
8659,48
8660,48
8661,20
8662,48
8663,48
8664,48
8665,48
8666,58
8667,48
8668,20
8669,20
8670,48
8671,48
8672,48
8673,48
8674,48
8675,48
8676,48
8677,48
8678,48
8679,48
8680,48
8681,48
8682,92
8683,48
8684,20
8685,39
8686,48
8687,48
8688,48
8689,48
8690,48
8691,48
8692,48
8693,48
8694,48
8695,13
8696,20
8697,58
8698,48
8699,41
8700,48
8701,48
8702,48
8703,61
8704,48
8705,20
8706,48
8707,48
8708,48
8709,20
8710,48
8711,48
8712,48
8713,48
8714,48
8715,48
8716,62
8717,48
8718,91
8719,48
8720,48
8721,20
8722,62
8723,48
8724,48
8725,48
8726,48
8727,70
8728,48
8729,13
8730,48
8731,48
8732,58
8733,58
8734,62
8735,48
8736,48
8737,48
8738,48
8739,48
8740,92
8741,48
8742,20
8743,48
8744,48
8745,48
8746,20
8747,48
8748,48
8749,48
8750,53
8751,48
8752,13
8753,20
8754,20
8755,48
8756,48
8757,48
8758,48
8759,48
8760,53
8761,48
8762,48
8763,48
8764,53
8765,48
8766,53
8767,53
8768,48
8769,48
8770,13
8771,48
8772,48
8773,48
8774,48
8775,48
8776,48
8777,48
8778,48
8779,20
8780,48
8781,20
8782,48
8783,48
8784,48
8785,48
8786,48
8787,48
8788,48
8789,48
8790,48
8791,48
8792,48
8793,48
8794,13
8795,39
8796,48
8797,48
8798,48
8799,48
8800,48
8801,48
8802,48
8803,20
8804,48
8805,20
8806,48
8807,20
8808,20
8809,48
8810,91
8811,53
8812,48
8813,86
8814,62
8815,48
8816,48
8817,20
8818,48
8819,48
8820,48
8821,48
8822,48
8823,48
8824,48
8825,48
8826,91
8827,20
8828,48
8829,48
8830,48
8831,48
8832,61
8833,53
8834,48
8835,48
8836,48
8837,48
8838,58
8839,48
8840,20
8841,48
8842,48
8843,48
8844,48
8845,20
8846,48
8847,13
8848,62
8849,91
8850,48
8851,48
8852,48
8853,58
8854,48
8855,48
8856,20
8857,48
8858,20
8859,48
8860,48
8861,48
8862,20
8863,48
8864,48
8865,48
8866,58
8867,48
8868,13
8869,48
8870,48
8871,48
8872,48
8873,13
8874,39
8875,48
8876,62
8877,48
8878,48
8879,48
8880,48
8881,48
8882,48
8883,48
8884,48
8885,48
8886,48
8887,13
8888,48
8889,53
8890,48
8891,48
8892,20
8893,91
8894,48
8895,48
8896,48
8897,48
8898,48
8899,48
8900,92
8901,0
8902,48
8903,48
8904,48
8905,48
8906,48
8907,20
8908,48
8909,48
8910,20
8911,53
8912,48
8913,48
8914,62
8915,48
8916,48
8917,48
8918,48
8919,48
8920,48
8921,48
8922,20
8923,48
8924,48
8925,48
8926,48
8927,48
8928,48
8929,48
8930,16
8931,48
8932,48
8933,91
8934,48
8935,48
8936,48
8937,48
8938,20
8939,48
8940,48
8941,48
8942,48
8943,91
8944,91
8945,48
8946,48
8947,91
8948,48
8949,48
8950,48
8951,48
8952,48
8953,48
8954,48
8955,48
8956,48
8957,48
8958,48
8959,62
8960,48
8961,48
8962,48
8963,48
8964,48
8965,48
8966,48
8967,48
8968,48
8969,20
8970,48
8971,86
8972,48
8973,48
8974,48
8975,48
8976,53
8977,48
8978,53
8979,58
8980,48
8981,48
8982,48
8983,48
8984,48
8985,48
8986,48
8987,48
8988,48
8989,48
8990,48
8991,20
8992,48
8993,48
8994,39
8995,48
8996,91
8997,48
8998,20
8999,48
9000,20
9001,48
9002,48
9003,48
9004,48
9005,48
9006,91
9007,48
9008,13
9009,48
9010,48
9011,48
9012,48
9013,48
9014,48
9015,48
9016,20
9017,48
9018,48
9019,48
9020,20
9021,48
9022,48
9023,61
9024,48
9025,13
9026,48
9027,48
9028,48
9029,39
9030,48
9031,48
9032,48
9033,48
9034,48
9035,48
9036,48
9037,48
9038,48
9039,48
9040,48
9041,48
9042,48
9043,13
9044,48
9045,48
9046,48
9047,48
9048,58
9049,62
9050,48
9051,48
9052,20
9053,48
9054,48
9055,48
9056,48
9057,60
9058,48
9059,48
9060,48
9061,48
9062,48
9063,48
9064,20
9065,86
9066,48
9067,48
9068,48
9069,62
9070,48
9071,48
9072,91
9073,48
9074,48
9075,86
9076,48
9077,91
9078,48
9079,48
9080,48
9081,48
9082,48
9083,13
9084,48
9085,54
9086,48
9087,48
9088,48
9089,48
9090,48
9091,48
9092,48
9093,39
9094,20
9095,20
9096,48
9097,48
9098,53
9099,13
9100,48
9101,48
9102,48
9103,48
9104,48
9105,48
9106,48
9107,48
9108,20
9109,48
9110,48
9111,48
9112,48
9113,49
9114,48
9115,20
9116,20
9117,48
9118,48
9119,53
9120,48
9121,48
9122,48
9123,48
9124,48
9125,48
9126,48
9127,58
9128,48
9129,48
9130,61
9131,48
9132,86
9133,48
9134,48
9135,13
9136,48
9137,48
9138,48
9139,48
9140,48
9141,48
9142,48
9143,48
9144,48
9145,61
9146,48
9147,48
9148,48
9149,13
9150,48
9151,48
9152,20
9153,48
9154,48
9155,48
9156,20
9157,48
9158,48
9159,20
9160,20
9161,48
9162,48
9163,48
9164,20
9165,48
9166,48
9167,48
9168,48
9169,48
9170,48
9171,48
9172,86
9173,16
9174,48
9175,48
9176,20
9177,48
9178,20
9179,48
9180,48
9181,48
9182,48
9183,48
9184,48
9185,22
9186,48
9187,48
9188,53
9189,48
9190,48
9191,48
9192,48
9193,48
9194,39
9195,48
9196,48
9197,48
9198,48
9199,48
9200,20
9201,48
9202,48
9203,48
9204,48
9205,48
9206,48
9207,48
9208,20
9209,48
9210,48
9211,48
9212,48
9213,48
9214,48
9215,48
9216,13
9217,20
9218,48
9219,62
9220,48
9221,58
9222,48
9223,48
9224,16
9225,20
9226,92
9227,48
9228,48
9229,48
9230,20
9231,48
9232,48
9233,48
9234,48
9235,48
9236,48
9237,48
9238,13
9239,20
9240,48
9241,48
9242,53
9243,48
9244,48
9245,48
9246,48
9247,48
9248,48
9249,39
9250,48
9251,48
9252,48
9253,48
9254,48
9255,48
9256,48
9257,48
9258,48
9259,48
9260,48
9261,48
9262,48
9263,48
9264,48
9265,48
9266,48
9267,20
9268,48
9269,48
9270,13
9271,71
9272,48
9273,48
9274,48
9275,48
9276,48
9277,48
9278,48
9279,48
9280,48
9281,48
9282,48
9283,48
9284,48
9285,48
9286,48
9287,48
9288,48
9289,48
9290,48
9291,48
9292,48
9293,48
9294,20
9295,48
9296,48
9297,48
9298,13
9299,48
9300,48
9301,48
9302,48
9303,48
9304,48
9305,48
9306,91
9307,48
9308,20
9309,13
9310,48
9311,48
9312,48
9313,48
9314,48
9315,48
9316,48
9317,48
9318,48
9319,48
9320,48
9321,48
9322,92
9323,48
9324,86
9325,48
9326,48
9327,48
9328,48
9329,48
9330,48
9331,62
9332,48
9333,48
9334,48
9335,48
9336,48
9337,48
9338,48
9339,48
9340,20
9341,48
9342,13
9343,48
9344,48
9345,48
9346,48
9347,48
9348,48
9349,62
9350,48
9351,48
9352,53
9353,48
9354,48
9355,48
9356,48
9357,20
9358,48
9359,48
9360,48
9361,48
9362,48
9363,48
9364,48
9365,20
9366,20
9367,48
9368,48
9369,48
9370,48
9371,48
9372,48
9373,48
9374,48
9375,48
9376,48
9377,48
9378,20
9379,13
9380,48
9381,48
9382,48
9383,20
9384,48
9385,48
9386,48
9387,48
9388,48
9389,48
9390,48
9391,48
9392,48
9393,48
9394,91
9395,22
9396,48
9397,20
9398,48
9399,58
9400,48
9401,48
9402,20
9403,48
9404,53
9405,48
9406,48
9407,48
9408,48
9409,48
9410,92
9411,58
9412,48
9413,20
9414,48
9415,48
9416,48
9417,48
9418,48
9419,48
9420,20
9421,48
9422,48
9423,20
9424,48
9425,48
9426,48
9427,48
9428,48
9429,48
9430,48
9431,48
9432,48
9433,48
9434,48
9435,48
9436,48
9437,48
9438,48
9439,48
9440,48
9441,48
9442,48
9443,48
9444,48
9445,48
9446,48
9447,48
9448,48
9449,48
9450,48
9451,48
9452,48
9453,48
9454,48
9455,48
9456,48
9457,20
9458,48
9459,48
9460,48
9461,48
9462,48
9463,48
9464,48
9465,48
9466,48
9467,13
9468,48
9469,48
9470,48
9471,48
9472,48
9473,48
9474,58
9475,48
9476,48
9477,20
9478,48
9479,48
9480,48
9481,91
9482,48
9483,48
9484,48
9485,48
9486,48
9487,20
9488,48
9489,20
9490,48
9491,48
9492,48
9493,48
9494,48
9495,48
9496,48
9497,48
9498,53
9499,20
9500,62
9501,48
9502,48
9503,48
9504,58
9505,20
9506,13
9507,48
9508,48
9509,48
9510,48
9511,48
9512,48
9513,48
9514,20
9515,91
9516,48
9517,20
9518,48
9519,20
9520,48
9521,92
9522,48
9523,48
9524,53
9525,48
9526,48
9527,48
9528,20
9529,48
9530,48
9531,48
9532,48
9533,48
9534,20
9535,48
9536,48
9537,48
9538,48
9539,48
9540,48
9541,48
9542,91
9543,48
9544,48
9545,20
9546,48
9547,48
9548,48
9549,91
9550,20
9551,48
9552,48
9553,48
9554,48
9555,48
9556,48
9557,48
9558,48
9559,58
9560,48
9561,48
9562,41
9563,48
9564,48
9565,48
9566,58
9567,20
9568,48
9569,48
9570,48
9571,20
9572,48
9573,48
9574,48
9575,48
9576,48
9577,20
9578,48
9579,48
9580,48
9581,20
9582,48
9583,48
9584,48
9585,48
9586,48
9587,48
9588,48
9589,48
9590,48
9591,48
9592,48
9593,48
9594,48
9595,41
9596,91
9597,20
9598,48
9599,91
9600,48
9601,48
9602,20
9603,48
9604,20
9605,48
9606,48
9607,53
9608,48
9609,48
9610,48
9611,48
9612,48
9613,48
9614,48
9615,48
9616,48
9617,48
9618,48
9619,48
9620,48
9621,48
9622,48
9623,20
9624,48
9625,48
9626,48
9627,48
9628,20
9629,48
9630,20
9631,48
9632,62
9633,48
9634,20
9635,48
9636,48
9637,58
9638,20
9639,48
9640,48
9641,53
9642,48
9643,48
9644,20
9645,48
9646,22
9647,48
9648,48
9649,48
9650,48
9651,48
9652,48
9653,20
9654,48
9655,20
9656,48
9657,20
9658,48
9659,48
9660,48
9661,48
9662,58
9663,48
9664,20
9665,48
9666,48
9667,48
9668,20
9669,20
9670,20
9671,48
9672,48
9673,48
9674,48
9675,48
9676,48
9677,48
9678,48
9679,48
9680,48
9681,41
9682,48
9683,48
9684,48
9685,48
9686,48
9687,48
9688,48
9689,92
9690,48
9691,48
9692,48
9693,48
9694,48
9695,48
9696,48
9697,62
9698,58
9699,48
9700,48
9701,48
9702,13
9703,48
9704,48
9705,20
9706,91
9707,20
9708,48
9709,48
9710,61
9711,48
9712,22
9713,48
9714,48
9715,48
9716,48
9717,91
9718,20
9719,48
9720,58
9721,48
9722,48
9723,13
9724,48
9725,48
9726,91
9727,48
9728,48
9729,48
9730,48
9731,48
9732,48
9733,48
9734,13
9735,20
9736,48
9737,48
9738,48
9739,48
9740,48
9741,48
9742,48
9743,48
9744,48
9745,48
9746,48
9747,48
9748,48
9749,48
9750,48
9751,48
9752,48
9753,48
9754,48
9755,41
9756,48
9757,48
9758,48
9759,48
9760,20
9761,48
9762,48
9763,48
9764,13
9765,20
9766,61
9767,48
9768,48
9769,48
9770,48
9771,48
9772,48
9773,48
9774,48
9775,48
9776,48
9777,48
9778,48
9779,48
9780,48
9781,39
9782,48
9783,48
9784,20
9785,48
9786,91
9787,48
9788,20
9789,48
9790,48
9791,20
9792,48
9793,58
9794,48
9795,9
9796,48
9797,48
9798,48
9799,13
9800,20
9801,48
9802,20
9803,48
9804,48
9805,48
9806,20
9807,48
9808,48
9809,48
9810,48
9811,48
9812,20
9813,48
9814,62
9815,48
9816,48
9817,48
9818,48
9819,48
9820,48
9821,58
9822,58
9823,48
9824,91
9825,48
9826,48
9827,48
9828,48
9829,48
9830,48
9831,48
9832,48
9833,48
9834,48
9835,48
9836,48
9837,48
9838,48
9839,48
9840,48
9841,20
9842,48
9843,48
9844,48
9845,22
9846,48
9847,48
9848,20
9849,48
9850,48
9851,48
9852,58
9853,48
9854,53
9855,48
9856,48
9857,48
9858,48
9859,48
9860,20
9861,48
9862,20
9863,48
9864,48
9865,48
9866,48
9867,20
9868,20
9869,13
9870,48
9871,48
9872,48
9873,48
9874,48
9875,48
9876,48
9877,48
9878,91
9879,48
9880,48
9881,48
9882,48
9883,48
9884,48
9885,48
9886,48
9887,48
9888,48
9889,48
9890,20
9891,48
9892,20
9893,48
9894,48
9895,91
9896,48
9897,48
9898,48
9899,20
9900,13
9901,86
9902,48
9903,48
9904,92
9905,91
9906,48
9907,48
9908,58
9909,48
9910,48
9911,48
9912,20
9913,48
9914,48
9915,48
9916,48
9917,48
9918,58
9919,48
9920,48
9921,48
9922,48
9923,41
9924,62
9925,48
9926,48
9927,48
9928,58
9929,58
9930,48
9931,48
9932,48
9933,48
9934,48
9935,48
9936,48
9937,58
9938,48
9939,48
9940,58
9941,61
9942,48
9943,48
9944,48
9945,48
9946,48
9947,48
9948,48
9949,48
9950,48
9951,48
9952,48
9953,48
9954,53
9955,48
9956,48
9957,48
9958,48
9959,62
9960,86
9961,48
9962,48
9963,20
9964,48
9965,48
9966,48
9967,48
9968,48
9969,48
9970,48
9971,48
9972,48
9973,91
9974,48
9975,48
9976,39
9977,48
9978,48
9979,48
9980,48
9981,48
9982,48
9983,48
9984,48
9985,58
9986,48
9987,48
9988,48
9989,48
9990,48
9991,48
9992,48
9993,49
9994,48
9995,48
9996,48
9997,48
9998,48
9999,48